"","Response.ID","IP.address","User.agent","Response.status","Survey.URL","Start.time","Completion.time","Time.taken","Collector","JeffCo.resident","City.area","Age","Under7","Age7_12","Age13_18","Age19_34","Age35_54","Age55_64","Age65_74","Age75_older","RateNewPoolImportance","Under7_Non.swimmer","Under7_Beginner","Under7_Intermediate","Under7_Advanced","Age7_12_Non.swimmer","Age7_12_Beginner","Age7_12_Intermediate","Age7_12_Advanced","Age13_18_Non.swimmer","Age13_18_Beginner","Age13_18_Intermediate","Age13_18_Advanced","Age19_34_Non.swimmer","Age19_34_Beginner","Age19_34_Intermediate","Age19_34_Advanced","Age35_54_Non.swimmer","Age35_54_Beginner","Age35_54_Intermediate","Age35_54_Advanced","Age55_64_Non.swimmer","Age55_64_Beginner","Age55_64_Intermediate","Age55_64_Advanced","Age65_74_Non.swimmer","Age65_74_Beginner","Age65_74_Intermediate","Age65_74_Advanced","Age75_older_Non.swimmer","Age75_older_Beginner","Age75_older_Intermediate","Age75_older_Advanced","UsedAquaticsPast2Years","WhichAquaticFacilities","FacilityUsageRate","AquaAmenities_LapSwimming","AquaAmenities_OpenSwim","AquaAmenities_YouthLessons","AquaAmenities_AdultLessons","AquaAmenities_CompetitiveSwim","AquaAmenities_LifeguardTrain","AquaAmenities_Aerobics","AquaAmenities_SyncroSwim","AquaAmenities_SportsLeagues","AquaAmenities_SafetyTrain","AquaAmenities_Therapeutic","AquaAmenities_PartyRental","AquaAmenities_ParentChild","AquaAmenities_Sauna","AquaAmenities_HotTub","AquaAmenities_PublicShower","AquaAmenities_OutdoorPool","AquaAmenities_SplashPark","AquaAmenities_UsageRate","RecAmenities_AfterschoolCamps","RecAmenities_Preschool","RecAmenities_Childcare","RecAmenities_Playgroups","RecAmenities_FitnessClass","RecAmenities_PhysTherapy","RecAmenities_EventSpace","RecAmenities_WellnessClass","RecAmenities_Kitchen","RecAmenities_Cafe","RecAmenities_Gym","RecAmenities_OutPickleball","RecAmenities_InPickleball","RecAmenities_RockClimb","RecAmenities_TeenFit","RecAmenities_TeenCenter","RecAmenities_UsageRate","TaxSupport"
"1","AnCiw0qr","64.184.145.20","Mozilla/5.0 (Linux; Android 15; Pixel 8a Build/AP4A.250105.002; wv) AppleWebKit/537.36 (KHTML, like Gecko) Version/4.0 Chrome/132.0.6834.156 Mobile Safari/537.36 [FB_IAB/FB4A;FBAV/498.1.0.64.74;IABMV/1;]","COMPLETED","https://survey.zohopublic.com/zs/7rClYe?fbclid=IwY2xjawIQzPVleHRuA2FlbQIxMQABHWrP6c2uErp3G7tBMi-ot39exUKsUa8IUexMp-Aynvau7nn_xvGkZZfcPg_aem_7ndzkwYya4sV3TQ3bReF2w&lang=en","2/5/2025 15:00","2/5/2025 15:05","4 mins 40 secs ","Pool Support and Amenities","Yes, I live here full-time","Port Townsend (within city limits)","35-54",NA,NA,NA,NA,2,NA,NA,NA,"Somewhat important",NA,NA,NA,NA,NA,NA,NA,NA,NA,NA,NA,NA,NA,NA,NA,NA,NA,NA,2,NA,NA,NA,NA,NA,NA,NA,NA,NA,NA,NA,NA,NA,"No","","Less than once a month","Somewhat likely","Somewhat likely","Not likely","Not likely","Not likely","Not likely","Very likely","Not likely","Not likely","Somewhat likely","Very likely","Not likely","Somewhat likely","Very likely","Very likely","Somewhat likely","Very likely","Very likely","Less than once a month","Not likely","Not likely","Not likely","Not likely","Somewhat likely","Somewhat likely","Somewhat likely","Somewhat likely","Not likely","Very likely","Somewhat likely","Somewhat likely","Not likely","Somewhat likely","Not likely","Not likely","Less than once a month","Yes"
"2","5KfeMQET","64.184.145.20","Mozilla/5.0 (Windows NT 10.0; Win64; x64) AppleWebKit/537.36 (KHTML, like Gecko) Chrome/132.0.0.0 Safari/537.36","COMPLETED","https://survey.zohopublic.com/zs/7rClYe?lang=en","2/11/2025 9:41","2/11/2025 10:35","53 mins 26 secs ","Pool Support and Amenities","Yes, I live here full-time","Port Hadlock-Irondale","35-54",NA,NA,3,NA,2,NA,NA,NA,"Very important",NA,NA,NA,NA,NA,NA,NA,NA,NA,2,1,NA,NA,NA,NA,NA,NA,NA,1,1,NA,NA,NA,NA,NA,NA,NA,NA,NA,NA,NA,NA,"Yes","Port Angeles SHORE Aquatic Center,Sequim Y","Less than once a month","Very likely","Very likely","Very likely","Not likely","Not likely","Not likely","Not likely","Not likely","Not likely","Somewhat likely","Somewhat likely","Somewhat likely","Not likely","Very likely","Very likely","Somewhat likely","Very likely","Very likely","More than once a week","Very likely","Not likely","Not likely","Not likely","Somewhat likely","Somewhat likely","Somewhat likely","Somewhat likely","Not likely","Somewhat likely","Very likely","Somewhat likely","Somewhat likely","Very likely","Somewhat likely","Very likely","Several times a month","Yes"
"3","72k46mni","64.184.145.20","Mozilla/5.0 (iPhone; CPU iPhone OS 18_1_1 like Mac OS X) AppleWebKit/605.1.15 (KHTML, like Gecko) Version/18.1.1 Mobile/15E148 Safari/604.1","COMPLETED","https://survey.zohopublic.com/zs/7rClYe?lang=en","2/11/2025 13:48","2/11/2025 13:52","3 mins 36 secs ","Pool Support and Amenities","Yes, I live here full-time","Quilcene","35-54",3,NA,NA,NA,NA,NA,NA,NA,"Very important",NA,3,NA,NA,NA,NA,NA,NA,NA,NA,NA,NA,NA,NA,NA,NA,NA,NA,NA,NA,NA,NA,NA,NA,NA,NA,NA,NA,NA,NA,NA,NA,"Yes","Port Angeles SHORE Aquatic Center","Less than once a month","Not likely","Not likely","Somewhat likely","Somewhat likely","Not likely","Not likely","Somewhat likely","Not likely","Not likely","Somewhat likely","Somewhat likely","Not likely","Not likely","Very likely","Very likely","Somewhat likely","Somewhat likely","Somewhat likely","Several times a month","Not likely","Not likely","Not likely","Not likely","Somewhat likely","Somewhat likely","Somewhat likely","Somewhat likely","Somewhat likely","Very likely","Very likely","Very likely","Somewhat likely","Somewhat likely","Somewhat likely","Somewhat likely","Several times a month","Yes"
"4","mkC4VOSK","64.184.145.20","Mozilla/5.0 (Windows NT 10.0; Win64; x64) AppleWebKit/537.36 (KHTML, like Gecko) Chrome/132.0.0.0 Safari/537.36","PARTIAL","https://survey.zohopublic.com/zs/7rClYe?lang=en","2/11/2025 14:17","2/11/2025 14:18","50 secs ","Pool Support and Amenities","Yes, I live here full-time","Port Townsend (within city limits)","35-54",NA,NA,NA,NA,1,NA,NA,NA,"Not important",NA,NA,NA,NA,NA,NA,NA,NA,NA,NA,NA,NA,NA,NA,NA,NA,NA,NA,NA,NA,NA,NA,NA,NA,NA,NA,NA,NA,NA,NA,NA,NA,"","","","","","","","","","","","","","","","","","","","","","","","","","","","","","","","","","","","","","","",""
"5","EECY3pVh","64.184.145.20","Mozilla/5.0 (Windows NT 10.0; Win64; x64) AppleWebKit/537.36 (KHTML, like Gecko) Chrome/132.0.0.0 Safari/537.36","COMPLETED","https://survey.zohopublic.com/zs/7rClYe?lang=en","2/11/2025 14:17","2/11/2025 14:30","12 mins 55 secs ","Pool Support and Amenities","Yes, I live here full-time","Port Ludlow","18-34",NA,NA,NA,1,NA,NA,NA,NA,"Very important",NA,NA,NA,NA,NA,NA,NA,NA,NA,NA,NA,NA,NA,1,NA,NA,NA,NA,NA,NA,NA,NA,NA,NA,NA,NA,NA,NA,NA,NA,NA,NA,"Yes","Port Townsend Y/Mountain View Pool,North Kitsap Community Pool,Private/HOA pool (e.g. Port Ludlow, Cape George, Kala Point)","Less than once a month","Very likely","Very likely","Not likely","Somewhat likely","Not likely","Not likely","Not likely","Not likely","Not likely","Very likely","Not likely","Not likely","Somewhat likely","Not likely","Not likely","Very likely","Very likely","Somewhat likely","More than once a week","Somewhat likely","Not likely","Not likely","Not likely","Very likely","Not likely","Somewhat likely","Somewhat likely","Not likely","Very likely","Somewhat likely","Very likely","Somewhat likely","Somewhat likely","Not likely","Not likely","Several times a month","Yes"
"6","Oyfdqdwq","64.184.145.20","Mozilla/5.0 (Windows NT 10.0; Win64; x64) AppleWebKit/537.36 (KHTML, like Gecko) Chrome/133.0.0.0 Safari/537.36","COMPLETED","https://survey.zohopublic.com/zs/7rClYe?lang=en","2/11/2025 14:17","2/11/2025 14:21","4 mins 7 secs ","Pool Support and Amenities","Yes, I live here full-time","Gardiner","35-54",NA,NA,NA,NA,2,NA,NA,NA,"Somewhat important",NA,NA,NA,NA,NA,NA,NA,NA,NA,NA,NA,NA,NA,NA,NA,NA,NA,NA,1,1,NA,NA,NA,NA,NA,NA,NA,NA,NA,NA,NA,NA,"No","","Don't use an aquatic facility","Not likely","Somewhat likely","Not likely","Not likely","Not likely","Not likely","Somewhat likely","Not likely","Not likely","Somewhat likely","Somewhat likely","Not likely","Not likely","Somewhat likely","Somewhat likely","Not likely","Somewhat likely","Not likely","Less than once a month","Not likely","Not likely","Not likely","Not likely","Very likely","Somewhat likely","Somewhat likely","Very likely","Not likely","Not likely","Not likely","Not likely","Not likely","Very likely","Not likely","Not likely","Several times a month","I don't know/need more information"
"7","ZqDTMLmi","64.184.145.20","Mozilla/5.0 (Windows NT 10.0; Win64; x64) AppleWebKit/537.36 (KHTML, like Gecko) Chrome/132.0.0.0 Safari/537.36","COMPLETED","https://survey.zohopublic.com/zs/7rClYe?lang=en","2/11/2025 14:17","2/11/2025 14:22","4 mins 52 secs ","Pool Support and Amenities","Yes, I live here full-time","Port Townsend (within city limits)","35-54",NA,NA,NA,NA,2,NA,NA,NA,"Very important",NA,NA,NA,NA,NA,NA,NA,NA,NA,NA,NA,NA,NA,NA,NA,NA,NA,NA,2,NA,NA,NA,NA,NA,NA,NA,NA,NA,NA,NA,NA,NA,"Yes","Port Townsend Y/Mountain View Pool","Several times a month","Not likely","Very likely","Not likely","Not likely","Not likely","Not likely","Very likely","Not likely","Very likely","Very likely","Very likely","Not likely","Very likely","Very likely","Very likely","Not likely","Very likely","Very likely","Several times a month","Not likely","Not likely","Not likely","Not likely","Very likely","Very likely","Not likely","Very likely","Not likely","Very likely","Very likely","Very likely","Very likely","Not likely","Not likely","Not likely","Several times a month","I don't know/need more information"
"8","L5CYmRhq","64.184.145.20","Mozilla/5.0 (Windows NT 10.0; Win64; x64) AppleWebKit/537.36 (KHTML, like Gecko) Chrome/132.0.0.0 Safari/537.36","COMPLETED","https://survey.zohopublic.com/zs/7rClYe?lang=en","2/11/2025 14:18","2/11/2025 14:22","4 mins 39 secs ","Pool Support and Amenities","Yes, I live here full-time","Port Townsend (outside the city limits)","65-74",NA,NA,NA,NA,NA,NA,2,NA,"Very important",NA,NA,NA,NA,NA,NA,NA,NA,NA,NA,NA,NA,NA,NA,NA,NA,NA,NA,NA,NA,NA,NA,NA,NA,NA,NA,2,NA,NA,NA,NA,NA,"Yes","Other (Please specify) - Swimming pools in California while on vacation","Don't use an aquatic facility","Somewhat likely","Somewhat likely","Not likely","Not likely","Not likely","Not likely","Very likely","Not likely","Not likely","Not likely","Very likely","Somewhat likely","Not likely","Very likely","Very likely","Somewhat likely","Somewhat likely","Somewhat likely","More than once a week","Not likely","Not likely","Not likely","Not likely","Very likely","Very likely","Very likely","Very likely","Somewhat likely","Very likely","Somewhat likely","Somewhat likely","Somewhat likely","Not likely","Not likely","Not likely","Several times a month","Yes"
"9","ioB6FRd2","64.184.145.20","Mozilla/5.0 (Windows NT 10.0; Win64; x64) AppleWebKit/537.36 (KHTML, like Gecko) Chrome/132.0.0.0 Safari/537.36 Edg/132.0.0.0","COMPLETED","https://survey.zohopublic.com/zs/7rClYe?lang=en","2/11/2025 14:18","2/11/2025 14:31","13 mins 9 secs ","Pool Support and Amenities","Yes, I live here full-time","Port Hadlock-Irondale","35-54",NA,NA,3,NA,2,NA,NA,NA,"Not important",NA,NA,NA,NA,NA,NA,NA,NA,NA,NA,NA,3,NA,NA,NA,NA,NA,NA,NA,2,NA,NA,NA,NA,NA,NA,NA,NA,NA,NA,NA,NA,"Yes","Sequim Y,Other (Please specify) - Pendleton Oregon facility","Less than once a month","Somewhat likely","Very likely","Not likely","Not likely","Not likely","Not likely","Not likely","Not likely","Not likely","Not likely","Not likely","Somewhat likely","Not likely","Very likely","Very likely","Not likely","Not likely","Somewhat likely","Less than once a month","Not likely","Not likely","Not likely","Not likely","Not likely","Not likely","Not likely","Somewhat likely","Not likely","Not likely","Somewhat likely","Not likely","Not likely","Very likely","Somewhat likely","Somewhat likely","More than once a week","No"
"10","xTk4gnWk","64.184.145.20","Mozilla/5.0 (Windows NT 10.0; Win64; x64) AppleWebKit/537.36 (KHTML, like Gecko) Chrome/132.0.0.0 Safari/537.36 Edg/132.0.0.0","COMPLETED","https://survey.zohopublic.com/zs/7rClYe?lang=en","2/11/2025 14:18","2/11/2025 14:32","14 mins 5 secs ","Pool Support and Amenities","Yes, I live here full-time","Port Hadlock-Irondale","35-54",NA,1,NA,NA,1,NA,1,NA,"Very important",NA,NA,NA,NA,1,NA,NA,NA,NA,NA,NA,NA,NA,NA,NA,NA,1,NA,NA,NA,NA,NA,NA,NA,NA,1,NA,NA,NA,NA,NA,NA,"Yes","Other (Please specify) - Hotel pool","Less than once a month","","","Very likely","Very likely","","","Very likely","","","","","","Somewhat likely","","Somewhat likely","","","Very likely","Several times a month","Somewhat likely","Not likely","Not likely","Somewhat likely","Somewhat likely","Very likely","Somewhat likely","Somewhat likely","Not likely","Somewhat likely","Not likely","Not likely","Not likely","Somewhat likely","Somewhat likely","Somewhat likely","Several times a month","Yes"
"11","m7DTtmgu","64.184.145.20","Mozilla/5.0 (Windows NT 10.0; Win64; x64) AppleWebKit/537.36 (KHTML, like Gecko) Chrome/133.0.0.0 Safari/537.36","PARTIAL","https://survey.zohopublic.com/zs/7rClYe?lang=en","2/11/2025 14:18","2/11/2025 14:19","1 min 9 secs ","Pool Support and Amenities","Yes, I live here full-time","Port Townsend (within city limits)","35-54",NA,NA,NA,NA,2,NA,NA,NA,"Somewhat important",NA,NA,NA,NA,NA,NA,NA,NA,NA,NA,NA,NA,NA,NA,NA,NA,NA,NA,2,NA,NA,NA,NA,NA,NA,NA,NA,NA,NA,NA,NA,NA,"Yes","Port Townsend Y/Mountain View Pool","Less than once a month","","","","","","","","","","","","","","","","","","","","","","","","","","","","","","","","","","","","",""
"12","pFDT65LT","64.184.145.20","Mozilla/5.0 (Windows NT 10.0; Win64; x64) AppleWebKit/537.36 (KHTML, like Gecko) Chrome/133.0.0.0 Safari/537.36 Edg/133.0.0.0","COMPLETED","https://survey.zohopublic.com/zs/7rClYe?lang=en","2/11/2025 14:18","2/11/2025 14:22","3 mins 35 secs ","Pool Support and Amenities","Yes, I live here full-time","Port Ludlow","35-54",NA,NA,NA,NA,1,1,NA,NA,"Somewhat important",NA,NA,NA,NA,NA,NA,NA,NA,NA,NA,NA,NA,NA,NA,NA,NA,NA,NA,NA,1,NA,NA,NA,1,NA,NA,NA,NA,NA,NA,NA,NA,"No","","Don't use an aquatic facility","Not likely","Not likely","Not likely","Not likely","Not likely","Not likely","Not likely","Not likely","Not likely","Not likely","Somewhat likely","Somewhat likely","Not likely","Not likely","Not likely","Not likely","Not likely","Somewhat likely","Less than once a month","Not likely","Somewhat likely","Somewhat likely","Not likely","Somewhat likely","Somewhat likely","Somewhat likely","Somewhat likely","Somewhat likely","Somewhat likely","Not likely","Somewhat likely","Somewhat likely","Somewhat likely","Not likely","Not likely","Less than once a month","No"
"13","2vk3Ww6V","64.184.145.20","Mozilla/5.0 (Windows NT 10.0; Win64; x64) AppleWebKit/537.36 (KHTML, like Gecko) Chrome/132.0.0.0 Safari/537.36","COMPLETED","https://survey.zohopublic.com/zs/7rClYe?lang=en","2/11/2025 14:18","2/11/2025 14:33","14 mins 59 secs ","Pool Support and Amenities","Yes, I live here full-time","Port Townsend (within city limits)","55-64",NA,NA,NA,NA,NA,2,NA,NA,"Very important",NA,NA,NA,NA,NA,NA,NA,NA,NA,NA,NA,NA,NA,NA,NA,NA,NA,NA,NA,NA,NA,2,NA,NA,NA,NA,NA,NA,NA,NA,NA,NA,"No","","Don't use an aquatic facility","Not likely","Not likely","Not likely","Not likely","Not likely","Not likely","Not likely","Not likely","Not likely","Not likely","Somewhat likely","Not likely","Not likely","Somewhat likely","Somewhat likely","Not likely","Not likely","Somewhat likely","Less than once a month","Not likely","Not likely","Not likely","Not likely","Very likely","Somewhat likely","Somewhat likely","Somewhat likely","Not likely","Very likely","Somewhat likely","Not likely","Not likely","Not likely","Not likely","Not likely","More than once a week","Yes"
"14","vECiGqjD","64.184.145.20","Mozilla/5.0 (Windows NT 10.0; Win64; x64) AppleWebKit/537.36 (KHTML, like Gecko) Chrome/132.0.0.0 Safari/537.36","COMPLETED","https://survey.zohopublic.com/zs/7rClYe?lang=en","2/11/2025 14:19","2/11/2025 15:04","44 mins 59 secs ","Pool Support and Amenities","Yes, I live here full-time","Port Townsend (within city limits)","18-34",NA,NA,NA,1,NA,NA,NA,NA,"Very important",NA,NA,NA,NA,NA,NA,NA,NA,NA,NA,NA,NA,NA,NA,NA,1,NA,NA,NA,NA,NA,NA,NA,NA,NA,NA,NA,NA,NA,NA,NA,NA,"Yes","Port Angeles SHORE Aquatic Center,Port Townsend Y/Mountain View Pool","Less than once a month","Very likely","Very likely","Not likely","Not likely","Somewhat likely","Somewhat likely","Not likely","Not likely","Very likely","Very likely","Very likely","Somewhat likely","Somewhat likely","Very likely","Very likely","Very likely","Very likely","Somewhat likely","More than once a week","Not likely","Not likely","Not likely","Not likely","Very likely","Somewhat likely","Somewhat likely","Somewhat likely","Somewhat likely","Very likely","Very likely","Very likely","Very likely","Very likely","Not likely","Not likely","More than once a week","Yes"
"15","EfEBJGOu","64.184.145.20","Mozilla/5.0 (Windows NT 10.0; Win64; x64) AppleWebKit/537.36 (KHTML, like Gecko) Chrome/133.0.0.0 Safari/537.36","COMPLETED","https://survey.zohopublic.com/zs/7rClYe?lang=en","2/11/2025 14:19","2/11/2025 14:23","4 mins 31 secs ","Pool Support and Amenities","Yes, I live here full-time","Chimacum","65-74",NA,NA,NA,NA,NA,NA,1,NA,"Not important",NA,NA,NA,NA,NA,NA,NA,NA,NA,NA,NA,NA,NA,NA,NA,NA,NA,NA,NA,NA,NA,NA,NA,NA,NA,NA,1,NA,NA,NA,NA,NA,"No","","Don't use an aquatic facility","Not likely","Not likely","Not likely","Not likely","Not likely","Not likely","Not likely","Not likely","Not likely","Not likely","Not likely","Not likely","Not likely","Not likely","Not likely","Not likely","Not likely","Not likely","Never","Not likely","Not likely","Not likely","Not likely","Not likely","Not likely","Not likely","Not likely","Not likely","Not likely","Not likely","Not likely","Not likely","Not likely","Not likely","Not likely","Never","No"
"16","2JCYMDwz","64.184.145.20","Mozilla/5.0 (Windows NT 10.0; Win64; x64) AppleWebKit/537.36 (KHTML, like Gecko) Chrome/132.0.0.0 Safari/537.36 Edg/132.0.0.0","COMPLETED","https://survey.zohopublic.com/zs/7rClYe?lang=en","2/11/2025 14:19","2/11/2025 14:25","6 mins 15 secs ","Pool Support and Amenities","Yes, I live here full-time","Port Townsend (within city limits)","65-74",NA,NA,NA,NA,NA,NA,1,NA,"Very important",NA,NA,NA,NA,NA,NA,NA,NA,NA,NA,NA,NA,NA,NA,NA,NA,NA,NA,NA,NA,NA,NA,NA,NA,NA,NA,NA,1,NA,NA,NA,NA,"Yes","Silverdale Y","More than once a week","Very likely","","","","","","","","","","","","","Very likely","","","","","More than once a week","","","","","","","","","","","","","","","","","","Yes"
"17","uLfGyZur","64.184.145.20","Mozilla/5.0 (Windows NT 10.0; Win64; x64) AppleWebKit/537.36 (KHTML, like Gecko) Chrome/132.0.0.0 Safari/537.36","COMPLETED","https://survey.zohopublic.com/zs/7rClYe?lang=en","2/11/2025 14:19","2/11/2025 14:32","12 mins 31 secs ","Pool Support and Amenities","Yes, I live here full-time","Port Townsend (outside the city limits)","18-34",NA,NA,NA,2,NA,NA,NA,NA,"Very important",NA,NA,NA,NA,NA,NA,NA,NA,NA,NA,NA,NA,NA,NA,NA,2,NA,NA,NA,NA,NA,NA,NA,NA,NA,NA,NA,NA,NA,NA,NA,NA,"No","","Don't use an aquatic facility","Not likely","Not likely","Very likely","Not likely","Somewhat likely","Not likely","Not likely","Not likely","Not likely","Not likely","Not likely","Not likely","Somewhat likely","Somewhat likely","Somewhat likely","Somewhat likely","Somewhat likely","Somewhat likely","Several times a month","Somewhat likely","Somewhat likely","Somewhat likely","Not likely","Somewhat likely","Not likely","Not likely","Not likely","Not likely","Not likely","Somewhat likely","Somewhat likely","Somewhat likely","Very likely","Not likely","Not likely","More than once a week","Yes"
"18","6jftQbdP","64.184.145.20","Mozilla/5.0 (Windows NT 10.0; Win64; x64) AppleWebKit/537.36 (KHTML, like Gecko) Chrome/133.0.0.0 Safari/537.36","COMPLETED","https://survey.zohopublic.com/zs/7rClYe?lang=en","2/11/2025 14:20","2/11/2025 14:37","17 mins 47 secs ","Pool Support and Amenities","Yes, I live here full-time","Port Townsend (outside the city limits)","35-54",NA,NA,NA,1,NA,NA,NA,NA,"Very important",NA,NA,NA,NA,NA,NA,NA,NA,NA,NA,NA,NA,NA,1,NA,NA,NA,NA,NA,NA,NA,NA,NA,NA,NA,NA,NA,NA,NA,NA,NA,NA,"No","","Don't use an aquatic facility","Somewhat likely","Very likely","Not likely","Somewhat likely","Not likely","Not likely","Very likely","Not likely","Not likely","Not likely","Somewhat likely","Not likely","Not likely","Very likely","Very likely","Somewhat likely","Somewhat likely","Very likely","Several times a month","Very likely","Not likely","Not likely","Not likely","Very likely","Very likely","Somewhat likely","Somewhat likely","Not likely","Very likely","Not likely","Not likely","Not likely","Not likely","Not likely","Not likely","Less than once a month","Yes"
"19","xCCYkNMW","64.184.145.20","Mozilla/5.0 (Windows NT 10.0; Win64; x64) AppleWebKit/537.36 (KHTML, like Gecko) Chrome/132.0.0.0 Safari/537.36 Edg/132.0.0.0","COMPLETED","https://survey.zohopublic.com/zs/7rClYe?lang=en","2/11/2025 14:20","2/11/2025 14:44","23 mins 46 secs ","Pool Support and Amenities","Yes, I live here full-time","Port Townsend (within city limits)","35-54",1,NA,NA,NA,2,NA,NA,NA,"Not important",NA,NA,1,NA,NA,NA,NA,NA,NA,NA,NA,NA,NA,NA,NA,NA,NA,NA,1,1,NA,NA,NA,NA,NA,NA,NA,NA,NA,NA,NA,NA,"Yes","Port Townsend Y/Mountain View Pool,Private/HOA pool (e.g. Port Ludlow, Cape George, Kala Point)","Several times a month","Not likely","Very likely","Very likely","Not likely","Somewhat likely","Somewhat likely","Somewhat likely","Somewhat likely","Somewhat likely","Not likely","Not likely","Very likely","Not likely","Very likely","Very likely","Not likely","Very likely","Very likely","Less than once a month","Very likely","Not likely","Very likely","Very likely","Very likely","Not likely","Somewhat likely","Somewhat likely","Not likely","Not likely","Not likely","Not likely","Somewhat likely","Somewhat likely","Somewhat likely","Somewhat likely","Less than once a month","I don't know/need more information"
"20","yhCYXjFv","64.184.145.20","Mozilla/5.0 (Windows NT 10.0; Win64; x64) AppleWebKit/537.36 (KHTML, like Gecko) Chrome/132.0.0.0 Safari/537.36","COMPLETED","https://survey.zohopublic.com/zs/7rClYe?lang=en","2/11/2025 14:20","2/11/2025 14:26","5 mins 30 secs ","Pool Support and Amenities","Yes, I live here full-time","Port Townsend (within city limits)","55-64",NA,NA,NA,NA,NA,1,NA,NA,"Somewhat important",NA,NA,NA,NA,NA,NA,NA,NA,NA,NA,NA,NA,NA,NA,NA,NA,NA,NA,NA,NA,NA,NA,3,NA,NA,NA,NA,NA,NA,NA,NA,NA,"No","","Less than once a month","Somewhat likely","Somewhat likely","Very likely","Not likely","Very likely","Somewhat likely","Somewhat likely","Not likely","Somewhat likely","Very likely","Somewhat likely","Very likely","Very likely","Very likely","Very likely","Somewhat likely","Not likely","Not likely","Several times a month","Somewhat likely","Somewhat likely","Not likely","Somewhat likely","Somewhat likely","Somewhat likely","Somewhat likely","Somewhat likely","Not likely","Somewhat likely","Somewhat likely","Very likely","Very likely","Very likely","Very likely","Very likely","Several times a month","Yes"
"21","uLkY0ymY","64.184.145.20","Mozilla/5.0 (Windows NT 10.0; Win64; x64) AppleWebKit/537.36 (KHTML, like Gecko) Chrome/132.0.0.0 Safari/537.36","COMPLETED","https://survey.zohopublic.com/zs/7rClYe?lang=en","2/11/2025 14:21","2/11/2025 14:26","5 mins 1 sec ","Pool Support and Amenities","Yes, I live here full-time","Port Hadlock-Irondale","18-34",2,NA,NA,2,NA,1,NA,NA,"Very important",1,1,NA,NA,NA,NA,NA,NA,NA,NA,NA,NA,NA,NA,2,NA,NA,NA,NA,NA,NA,NA,1,NA,NA,NA,NA,NA,NA,NA,NA,NA,"No","","Less than once a month","Not likely","Very likely","Very likely","Not likely","Not likely","Not likely","Somewhat likely","Somewhat likely","Not likely","Very likely","Very likely","Very likely","Very likely","Very likely","Very likely","Somewhat likely","Very likely","Very likely","Several times a month","Very likely","Very likely","Very likely","Very likely","Very likely","Very likely","Somewhat likely","Somewhat likely","Somewhat likely","Very likely","Very likely","Very likely","Very likely","Very likely","Very likely","Very likely","Several times a month","Yes"
"22","U4B6DGo9","64.184.145.20","Mozilla/5.0 (Windows NT 10.0; Win64; x64) AppleWebKit/537.36 (KHTML, like Gecko) Chrome/132.0.0.0 Safari/537.36 Edg/132.0.0.0","COMPLETED","https://survey.zohopublic.com/zs/7rClYe?lang=en","2/11/2025 14:21","2/11/2025 14:25","4 mins 31 secs ","Pool Support and Amenities","Yes, I live here full-time","Port Townsend (within city limits)","35-54",NA,NA,NA,1,2,NA,NA,NA,"Somewhat important",NA,NA,NA,NA,NA,NA,NA,NA,NA,NA,NA,NA,NA,NA,1,NA,NA,NA,1,1,NA,NA,NA,NA,NA,NA,NA,NA,NA,NA,NA,NA,"Yes","Sequim Y,Other (Please specify) - Tacoma, Tri Cities","Don't use an aquatic facility","Somewhat likely","Somewhat likely","Not likely","Not likely","Not likely","Not likely","Not likely","Not likely","Not likely","Somewhat likely","Somewhat likely","Not likely","Not likely","Very likely","Very likely","Not likely","Not likely","Not likely","Several times a month","Not likely","Not likely","Not likely","Not likely","Somewhat likely","Somewhat likely","Not likely","Not likely","Not likely","Not likely","Very likely","Not likely","Not likely","Not likely","Not likely","Not likely","More than once a week","No"
"23","YgDT1jMU","64.184.145.20","Mozilla/5.0 (Windows NT 10.0; Win64; x64) AppleWebKit/537.36 (KHTML, like Gecko) Chrome/132.0.0.0 Safari/537.36 Edg/132.0.0.0","COMPLETED","https://survey.zohopublic.com/zs/7rClYe?lang=en","2/11/2025 14:21","2/11/2025 14:37","15 mins 49 secs ","Pool Support and Amenities","Yes, I live here full-time","Port Townsend (within city limits)","18-34",NA,NA,NA,1,NA,NA,NA,NA,"Somewhat important",NA,NA,NA,NA,NA,NA,NA,NA,NA,NA,NA,NA,NA,NA,1,NA,NA,NA,NA,NA,NA,NA,NA,NA,NA,NA,NA,NA,NA,NA,NA,NA,"Yes","Silverdale Y,Private/HOA pool (e.g. Port Ludlow, Cape George, Kala Point)","Less than once a month","Not likely","Very likely","Not likely","Not likely","Not likely","Somewhat likely","Not likely","Not likely","Not likely","Very likely","Not likely","Somewhat likely","Not likely","Very likely","Very likely","Somewhat likely","Very likely","Very likely","Several times a month","Not likely","Not likely","Not likely","Not likely","Somewhat likely","Somewhat likely","Not likely","Not likely","Not likely","Very likely","Very likely","Very likely","Very likely","Very likely","Not likely","Not likely","Several times a month","I don't know/need more information"
"24","MyEBcZJb","64.184.145.20","Mozilla/5.0 (Windows NT 10.0; Win64; x64) AppleWebKit/537.36 (KHTML, like Gecko) Chrome/133.0.0.0 Safari/537.36","COMPLETED","https://survey.zohopublic.com/zs/7rClYe?lang=en","2/11/2025 14:23","2/11/2025 14:27","3 mins 55 secs ","Pool Support and Amenities","Yes, I live here full-time","Port Townsend (within city limits)","35-54",NA,1,NA,NA,2,NA,NA,NA,"Very important",NA,NA,NA,NA,NA,NA,1,NA,NA,NA,NA,NA,NA,NA,NA,NA,NA,NA,2,NA,NA,NA,NA,NA,NA,NA,NA,NA,NA,NA,NA,NA,"Yes","Bainbridge Island","Less than once a month","Not likely","Somewhat likely","Somewhat likely","Not likely","Somewhat likely","Somewhat likely","Somewhat likely","Not likely","Somewhat likely","Somewhat likely","Somewhat likely","Very likely","Not likely","Somewhat likely","Very likely","Not likely","Very likely","Very likely","Less than once a month","Somewhat likely","Not likely","Not likely","Not likely","Somewhat likely","Somewhat likely","Somewhat likely","Not likely","Somewhat likely","Somewhat likely","Somewhat likely","Not likely","Not likely","Very likely","Very likely","Very likely","Several times a month","Yes"
"25","8lfx2oPW","64.184.145.20","Mozilla/5.0 (Windows NT 10.0; Win64; x64) AppleWebKit/537.36 (KHTML, like Gecko) Chrome/133.0.0.0 Safari/537.36 Edg/133.0.0.0","COMPLETED","https://survey.zohopublic.com/zs/7rClYe?lang=en","2/11/2025 14:23","2/11/2025 14:31","7 mins 36 secs ","Pool Support and Amenities","Yes, I live here full-time","Port Townsend (within city limits)","65-74",NA,NA,NA,NA,3,NA,NA,NA,"Not important",NA,NA,NA,NA,NA,NA,NA,NA,NA,NA,NA,NA,NA,NA,NA,NA,NA,NA,3,NA,NA,NA,NA,NA,NA,NA,NA,NA,NA,NA,NA,NA,"No","","Don't use an aquatic facility","Not likely","Not likely","Not likely","Not likely","Not likely","Not likely","Not likely","Not likely","Not likely","Not likely","Not likely","Not likely","Not likely","Not likely","Not likely","Not likely","Not likely","Not likely","Never","Not likely","Not likely","Not likely","Not likely","Not likely","Not likely","Not likely","Not likely","Not likely","Not likely","Not likely","Not likely","Not likely","Not likely","Not likely","Not likely","Never","No"
"26","xffKMYMk","64.184.145.20","Mozilla/5.0 (Windows NT 10.0; Win64; x64) AppleWebKit/537.36 (KHTML, like Gecko) Chrome/132.0.0.0 Safari/537.36","COMPLETED","https://survey.zohopublic.com/zs/7rClYe?lang=en","2/11/2025 14:24","2/11/2025 14:34","10 mins 55 secs ","Pool Support and Amenities","Yes, I live here full-time","Port Townsend (within city limits)","35-54",NA,NA,NA,NA,2,NA,NA,NA,"Somewhat important",NA,NA,NA,NA,NA,NA,NA,NA,NA,NA,NA,NA,NA,NA,NA,NA,NA,1,1,NA,NA,NA,NA,NA,NA,NA,NA,NA,NA,NA,NA,NA,"No","","Don't use an aquatic facility","Somewhat likely","Somewhat likely","Not likely","Not likely","Not likely","Not likely","Somewhat likely","Not likely","Not likely","Very likely","Somewhat likely","Somewhat likely","Not likely","Somewhat likely","Somewhat likely","Somewhat likely","Somewhat likely","Somewhat likely","Less than once a month","Not likely","Not likely","Not likely","Not likely","Somewhat likely","Somewhat likely","Somewhat likely","Somewhat likely","Somewhat likely","Not likely","Not likely","Somewhat likely","Somewhat likely","Somewhat likely","Not likely","Not likely","Less than once a month","Yes"
"27","CICiBkbN","64.184.145.20","Mozilla/5.0 (Windows NT 10.0; Win64; x64) AppleWebKit/537.36 (KHTML, like Gecko) Chrome/132.0.0.0 Safari/537.36 Edg/132.0.0.0","COMPLETED","https://survey.zohopublic.com/zs/7rClYe?lang=en","2/11/2025 14:24","2/11/2025 14:43","19 mins 36 secs ","Pool Support and Amenities","Yes, I live here full-time","Chimacum","35-54",NA,NA,1,NA,1,1,NA,NA,"Very important",NA,NA,NA,NA,NA,NA,NA,NA,NA,NA,1,NA,NA,NA,NA,NA,NA,NA,1,NA,NA,NA,1,NA,NA,NA,NA,NA,NA,NA,NA,NA,"Yes","Other (Please specify) - out of area pool","Less than once a month","Not likely","Somewhat likely","Not likely","Not likely","Not likely","Somewhat likely","Somewhat likely","Not likely","Not likely","Somewhat likely","Somewhat likely","Somewhat likely","Not likely","Somewhat likely","Very likely","Very likely","Not likely","Very likely","Several times a month","Not likely","Not likely","Not likely","Not likely","Very likely","Very likely","Somewhat likely","Somewhat likely","Not likely","Very likely","Very likely","Somewhat likely","Somewhat likely","Very likely","Very likely","Very likely","Several times a month","Yes"
"28","uiB6wdzM","64.184.145.20","Mozilla/5.0 (Windows NT 10.0; Win64; x64) AppleWebKit/537.36 (KHTML, like Gecko) Chrome/132.0.0.0 Safari/537.36","COMPLETED","https://survey.zohopublic.com/zs/7rClYe?lang=en","2/11/2025 14:25","2/11/2025 14:30","4 mins 55 secs ","Pool Support and Amenities","Yes, I live here full-time","Port Townsend (outside the city limits)","55-64",NA,NA,NA,NA,NA,NA,NA,NA,"Not important",NA,NA,NA,NA,NA,NA,NA,NA,NA,NA,NA,NA,NA,NA,NA,NA,NA,NA,NA,NA,NA,NA,NA,NA,NA,NA,NA,NA,NA,NA,NA,NA,"No","","Don't use an aquatic facility","Not likely","Somewhat likely","Not likely","Not likely","Not likely","Not likely","Somewhat likely","Not likely","Not likely","Not likely","Very likely","Not likely","Not likely","Very likely","Very likely","Not likely","Not likely","Not likely","Less than once a month","Not likely","Not likely","Not likely","Not likely","Not likely","Somewhat likely","Somewhat likely","Somewhat likely","Somewhat likely","Not likely","Not likely","Not likely","Not likely","Very likely","Not likely","Not likely","Several times a month","No"
"29","g6DTU8D7","64.184.145.20","Mozilla/5.0 (Windows NT 10.0; Win64; x64) AppleWebKit/537.36 (KHTML, like Gecko) Chrome/132.0.0.0 Safari/537.36","COMPLETED","https://survey.zohopublic.com/zs/7rClYe?lang=en","2/11/2025 14:26","2/11/2025 14:43","17 mins 37 secs ","Pool Support and Amenities","Yes, I live here full-time","Port Ludlow","35-54",NA,2,NA,NA,2,NA,NA,NA,"Not important",NA,NA,NA,NA,NA,NA,2,NA,NA,NA,NA,NA,NA,NA,NA,NA,NA,NA,NA,2,NA,NA,NA,NA,NA,NA,NA,NA,NA,NA,NA,NA,"No","","Don't use an aquatic facility","Not likely","Very likely","Very likely","Not likely","Somewhat likely","Somewhat likely","Somewhat likely","Not likely","Somewhat likely","Somewhat likely","Somewhat likely","Very likely","Not likely","Somewhat likely","Somewhat likely","Somewhat likely","Somewhat likely","Very likely","Less than once a month","Somewhat likely","Not likely","Not likely","Not likely","Somewhat likely","Somewhat likely","Not likely","Somewhat likely","Somewhat likely","Somewhat likely","Somewhat likely","Very likely","Very likely","Very likely","Very likely","Very likely","Several times a month","Yes"
"30","UdC4KZLs","64.184.145.20","Mozilla/5.0 (Windows NT 10.0; Win64; x64) AppleWebKit/537.36 (KHTML, like Gecko) Chrome/132.0.0.0 Safari/537.36","COMPLETED","https://survey.zohopublic.com/zs/7rClYe?lang=en","2/11/2025 14:26","2/11/2025 14:41","14 mins 45 secs ","Pool Support and Amenities","Yes, I live here full-time","Port Townsend (within city limits)","35-54",NA,NA,NA,NA,2,NA,NA,NA,"Somewhat important",NA,NA,NA,NA,NA,NA,NA,NA,NA,NA,NA,NA,NA,NA,NA,NA,NA,NA,3,NA,NA,NA,NA,NA,NA,NA,NA,NA,NA,NA,NA,NA,"No","","Less than once a month","Somewhat likely","Somewhat likely","Not likely","Not likely","Not likely","Not likely","Not likely","Not likely","Not likely","Somewhat likely","Not likely","Not likely","Not likely","Somewhat likely","Somewhat likely","Somewhat likely","Not likely","Not likely","Less than once a month","Not likely","Not likely","Not likely","Not likely","Somewhat likely","Somewhat likely","Not likely","Somewhat likely","Not likely","Not likely","Not likely","Somewhat likely","Somewhat likely","Not likely","Not likely","Not likely","Less than once a month","Yes"
"31","wSDTCCmw","64.184.145.20","Mozilla/5.0 (Windows NT 10.0; Win64; x64) AppleWebKit/537.36 (KHTML, like Gecko) Chrome/133.0.0.0 Safari/537.36","COMPLETED","https://survey.zohopublic.com/zs/7rClYe?lang=en","2/11/2025 14:27","2/11/2025 14:40","12 mins 35 secs ","Pool Support and Amenities","Yes, I live here full-time","Chimacum","55-64",NA,NA,NA,NA,NA,2,NA,NA,"Very important",NA,NA,NA,NA,NA,NA,NA,NA,NA,NA,NA,NA,NA,NA,NA,NA,NA,NA,NA,NA,NA,NA,2,NA,NA,NA,NA,NA,NA,NA,NA,NA,"Yes","Private/HOA pool (e.g. Port Ludlow, Cape George, Kala Point)","Less than once a month","Very likely","Somewhat likely","","","","","Very likely","","","","","","","Very likely","","Somewhat likely","","Somewhat likely","Less than once a month","Not likely","Not likely","Not likely","Not likely","Somewhat likely","Not likely","Not likely","Not likely","Not likely","Somewhat likely","Not likely","Somewhat likely","Somewhat likely","Not likely","Not likely","Not likely","Less than once a month","Yes"
"32","h0kZCkAy","64.184.145.20","Mozilla/5.0 (Windows NT 10.0; Win64; x64) AppleWebKit/537.36 (KHTML, like Gecko) Chrome/133.0.0.0 Safari/537.36 Edg/133.0.0.0","COMPLETED","https://survey.zohopublic.com/zs/7rClYe?lang=en","2/11/2025 14:29","2/11/2025 14:42","12 mins 29 secs ","Pool Support and Amenities","Yes, I live here full-time","Port Ludlow","55-64",NA,NA,NA,NA,NA,2,NA,NA,"Somewhat important",NA,NA,NA,NA,NA,NA,NA,NA,NA,NA,NA,NA,NA,NA,NA,NA,NA,NA,NA,NA,NA,NA,2,NA,NA,NA,NA,NA,NA,NA,NA,NA,"No","","Don't use an aquatic facility","Not likely","Not likely","Not likely","Not likely","Not likely","Not likely","Not likely","Not likely","Not likely","Not likely","Not likely","Not likely","Not likely","Not likely","Not likely","Not likely","Not likely","Not likely","Never","Not likely","Not likely","Not likely","Not likely","Not likely","Not likely","Not likely","Not likely","Not likely","Not likely","Not likely","Not likely","Not likely","Not likely","Not likely","Not likely","Never","No"
"33","LkC4xEu0","64.184.145.20","Mozilla/5.0 (Windows NT 10.0; Win64; x64) AppleWebKit/537.36 (KHTML, like Gecko) Chrome/132.0.0.0 Safari/537.36","COMPLETED","https://survey.zohopublic.com/zs/7rClYe?lang=en","2/11/2025 14:31","2/11/2025 14:37","6 mins 13 secs ","Pool Support and Amenities","Yes, I live here full-time","Quilcene","55-64",NA,1,NA,NA,1,1,NA,NA,"Somewhat important",NA,NA,NA,NA,NA,NA,1,NA,NA,NA,NA,NA,NA,NA,NA,NA,NA,NA,1,NA,NA,NA,1,NA,NA,NA,NA,NA,NA,NA,NA,NA,"Yes","Port Angeles SHORE Aquatic Center,Sequim Y,Silverdale Y,Bainbridge Island","Several times a month","Very likely","Very likely","Very likely","","","","","","","Very likely","Very likely","","","Very likely","Very likely","Very likely","","","More than once a week","Somewhat likely","","","","Somewhat likely","Somewhat likely","","Somewhat likely","","","Very likely","","Very likely","","Very likely","Very likely","Several times a month","Yes"
"34","wyCirZts","64.184.145.20","Mozilla/5.0 (Windows NT 10.0; Win64; x64) AppleWebKit/537.36 (KHTML, like Gecko) Chrome/133.0.0.0 Safari/537.36","COMPLETED","https://survey.zohopublic.com/zs/7rClYe?lang=en","2/11/2025 14:31","2/11/2025 14:39","7 mins 53 secs ","Pool Support and Amenities","Yes, I live here full-time","Quilcene","18-34",NA,NA,NA,1,1,NA,NA,NA,"Somewhat important",NA,NA,NA,NA,NA,NA,NA,NA,NA,NA,NA,NA,NA,NA,NA,3,NA,NA,NA,5,NA,NA,NA,NA,NA,NA,NA,NA,NA,NA,NA,NA,"No","","Don't use an aquatic facility","Somewhat likely","Not likely","Somewhat likely","Not likely","Not likely","Not likely","Not likely","Not likely","Not likely","Not likely","Somewhat likely","Somewhat likely","Very likely","Very likely","Very likely","Somewhat likely","Somewhat likely","Somewhat likely","Several times a month","Somewhat likely","Not likely","Somewhat likely","Not likely","Somewhat likely","Not likely","Not likely","Somewhat likely","Very likely","Very likely","Not likely","Somewhat likely","Somewhat likely","Somewhat likely","Not likely","Not likely","Several times a month","Yes"
"35","1HCiugaK","64.184.145.20","Mozilla/5.0 (Windows NT 10.0; Win64; x64) AppleWebKit/537.36 (KHTML, like Gecko) Chrome/132.0.0.0 Safari/537.36","COMPLETED","https://survey.zohopublic.com/zs/7rClYe?lang=en","2/11/2025 14:32","2/11/2025 14:35","3 mins 31 secs ","Pool Support and Amenities","Yes, I live here full-time","Port Townsend (within city limits)","35-54",NA,NA,1,NA,2,NA,NA,NA,"Somewhat important",NA,NA,NA,NA,NA,NA,NA,NA,NA,1,NA,NA,NA,NA,NA,NA,NA,NA,2,NA,NA,NA,NA,NA,NA,NA,NA,NA,NA,NA,NA,NA,"No","","Don't use an aquatic facility","Somewhat likely","Somewhat likely","Very likely","Very likely","Not likely","Not likely","Somewhat likely","Not likely","Not likely","Somewhat likely","Somewhat likely","Not likely","Not likely","Not likely","Not likely","Not likely","Not likely","Not likely","Less than once a month","Not likely","Not likely","Not likely","Not likely","Somewhat likely","Somewhat likely","Somewhat likely","Somewhat likely","Not likely","Somewhat likely","Not likely","Not likely","Not likely","Somewhat likely","Very likely","Very likely","Several times a month","Yes"
"36","QKEB2eSr","64.184.145.20","Mozilla/5.0 (Windows NT 10.0; Win64; x64) AppleWebKit/537.36 (KHTML, like Gecko) Chrome/132.0.0.0 Safari/537.36 Edg/132.0.0.0","COMPLETED","https://survey.zohopublic.com/zs/7rClYe?lang=en","2/11/2025 14:33","2/11/2025 14:39","6 mins 10 secs ","Pool Support and Amenities","Yes, I live here full-time","Port Townsend (within city limits)","55-64",1,NA,NA,NA,NA,NA,NA,NA,"Not important",NA,NA,1,NA,NA,NA,NA,NA,NA,NA,NA,NA,NA,NA,NA,NA,NA,NA,NA,NA,NA,NA,NA,NA,NA,NA,NA,NA,NA,NA,NA,NA,"No","","Don't use an aquatic facility","Not likely","Not likely","Not likely","Not likely","Not likely","Not likely","Not likely","Not likely","Not likely","Not likely","Not likely","Not likely","Not likely","Not likely","Not likely","Not likely","Not likely","Not likely","Never","Not likely","Not likely","Not likely","Not likely","Not likely","Not likely","Not likely","Not likely","Not likely","Not likely","Not likely","Not likely","Not likely","Not likely","Not likely","Not likely","Never","No"
"37","83DTfps4","64.184.145.20","Mozilla/5.0 (Windows NT 10.0; Win64; x64) AppleWebKit/537.36 (KHTML, like Gecko) Chrome/132.0.0.0 Safari/537.36","COMPLETED","https://survey.zohopublic.com/zs/7rClYe?lang=en","2/11/2025 14:37","2/11/2025 14:41","3 mins 50 secs ","Pool Support and Amenities","Yes, I live here full-time","Port Hadlock-Irondale","35-54",NA,NA,1,NA,NA,NA,NA,NA,"Very important",NA,NA,NA,NA,NA,NA,NA,NA,NA,NA,1,NA,NA,NA,NA,NA,NA,NA,NA,NA,NA,NA,NA,NA,NA,NA,NA,NA,NA,NA,NA,NA,"Yes","Sequim Y,Silverdale Y,Bainbridge Island","Less than once a month","Very likely","Very likely","Somewhat likely","Not likely","Very likely","Somewhat likely","Somewhat likely","Somewhat likely","Very likely","Very likely","Somewhat likely","Somewhat likely","Not likely","Very likely","Very likely","Not likely","Very likely","Very likely","More than once a week","Not likely","Not likely","Not likely","Not likely","Very likely","Somewhat likely","Somewhat likely","Somewhat likely","Not likely","Somewhat likely","Very likely","Somewhat likely","Somewhat likely","Very likely","Very likely","Very likely","More than once a week","Yes"
"38","hIfZ3VL4","64.184.145.20","Mozilla/5.0 (Windows NT 10.0; Win64; x64) AppleWebKit/537.36 (KHTML, like Gecko) Chrome/132.0.0.0 Safari/537.36","COMPLETED","https://survey.zohopublic.com/zs/7rClYe?lang=en","2/11/2025 14:37","2/11/2025 14:42","4 mins 43 secs ","Pool Support and Amenities","Yes, I live here full-time","Port Ludlow","35-54",NA,2,NA,NA,2,NA,NA,NA,"Not important",NA,NA,NA,NA,NA,2,NA,NA,NA,NA,NA,NA,NA,NA,NA,NA,NA,1,NA,1,NA,NA,NA,NA,NA,NA,NA,NA,NA,NA,NA,NA,"No","","Don't use an aquatic facility","Not likely","Somewhat likely","Somewhat likely","Not likely","Not likely","Not likely","Not likely","Not likely","Not likely","Not likely","Not likely","Not likely","Not likely","Not likely","Not likely","Not likely","Not likely","Not likely","Never","Not likely","Not likely","Not likely","Not likely","Not likely","Not likely","Not likely","Not likely","Not likely","Not likely","Not likely","Not likely","Not likely","Not likely","Not likely","Not likely","Never","No"
"39","kxCYHVzP","64.184.145.20","Mozilla/5.0 (Windows NT 10.0; Win64; x64) AppleWebKit/537.36 (KHTML, like Gecko) Chrome/132.0.0.0 Safari/537.36 Edg/132.0.0.0","COMPLETED","https://survey.zohopublic.com/zs/7rClYe?lang=en","2/11/2025 14:38","2/11/2025 14:44","5 mins 37 secs ","Pool Support and Amenities","Yes, I live here full-time","Port Townsend (outside the city limits)","55-64",NA,NA,NA,2,NA,1,NA,NA,"Somewhat important",NA,NA,NA,NA,NA,NA,NA,NA,NA,NA,NA,NA,NA,1,1,NA,NA,NA,NA,NA,NA,NA,1,NA,NA,NA,NA,NA,NA,NA,NA,NA,"Yes","Port Townsend Y/Mountain View Pool,Private/HOA pool (e.g. Port Ludlow, Cape George, Kala Point)","Less than once a month","Somewhat likely","Somewhat likely","Not likely","Somewhat likely","Not likely","Not likely","Very likely","Somewhat likely","Somewhat likely","Somewhat likely","Somewhat likely","Somewhat likely","Somewhat likely","Very likely","Somewhat likely","Somewhat likely","Somewhat likely","Somewhat likely","Several times a month","Somewhat likely","Not likely","Somewhat likely","Not likely","Very likely","Somewhat likely","Somewhat likely","Very likely","Very likely","Very likely","Somewhat likely","Somewhat likely","Somewhat likely","Somewhat likely","Not likely","Not likely","Less than once a month","Yes"
"40","gVDTh2gg","64.184.145.20","Mozilla/5.0 (Windows NT 10.0; Win64; x64) AppleWebKit/537.36 (KHTML, like Gecko) Chrome/132.0.0.0 Safari/537.36","PARTIAL","https://survey.zohopublic.com/zs/7rClYe?lang=en","2/11/2025 14:46","2/11/2025 14:50","4 mins 43 secs ","Pool Support and Amenities","Yes, I live here full-time","Port Townsend (within city limits)","55-64",NA,NA,NA,NA,NA,2,NA,NA,"Very important",NA,NA,NA,NA,NA,NA,NA,NA,NA,NA,NA,NA,NA,NA,NA,NA,NA,NA,NA,NA,NA,NA,2,NA,NA,NA,NA,NA,NA,NA,NA,NA,"Yes","Port Angeles SHORE Aquatic Center,Sequim Y,Bainbridge Island,Private/HOA pool (e.g. Port Ludlow, Cape George, Kala Point)","Several times a month","Very likely","Very likely","Not likely","Not likely","Very likely","Not likely","Very likely","Not likely","Very likely","Very likely","Very likely","","","","Very likely","Very likely","Very likely","Very likely","","Not likely","Not likely","Not likely","Not likely","Very likely","Very likely","Very likely","Very likely","Not likely","Not likely","Very likely","Very likely","Very likely","Very likely","Very likely","Very likely","More than once a week","Yes"
"41","YafttQ9v","64.184.145.20","Mozilla/5.0 (Windows NT 10.0; Win64; x64) AppleWebKit/537.36 (KHTML, like Gecko) Chrome/133.0.0.0 Safari/537.36","COMPLETED","https://survey.zohopublic.com/zs/7rClYe?lang=en","2/11/2025 14:48","2/11/2025 14:57","8 mins 21 secs ","Pool Support and Amenities","Yes, I live here full-time","Port Townsend (within city limits)","55-64",NA,NA,NA,NA,NA,1,1,NA,"Not important",NA,NA,NA,NA,NA,NA,NA,NA,NA,NA,NA,NA,NA,NA,NA,NA,NA,NA,NA,NA,NA,1,NA,NA,NA,1,NA,NA,NA,NA,NA,NA,"No","","Don't use an aquatic facility","Not likely","Not likely","Not likely","Not likely","Not likely","Not likely","Somewhat likely","Not likely","Not likely","Not likely","Somewhat likely","Not likely","Not likely","Not likely","Not likely","Not likely","Not likely","Not likely","Never","Not likely","Not likely","Not likely","Not likely","Not likely","Not likely","Not likely","Not likely","Not likely","Not likely","Not likely","Not likely","Not likely","Not likely","Not likely","Not likely","Never","No"
"42","O0Cizwit","64.184.145.20","Mozilla/5.0 (Windows NT 10.0; Win64; x64) AppleWebKit/537.36 (KHTML, like Gecko) Chrome/133.0.0.0 Safari/537.36","COMPLETED","https://survey.zohopublic.com/zs/7rClYe?lang=en","2/11/2025 14:49","2/11/2025 14:52","2 mins 59 secs ","Pool Support and Amenities","Yes, I live here full-time","Port Hadlock-Irondale","35-54",NA,NA,NA,NA,1,1,NA,NA,"Very important",NA,NA,NA,NA,NA,NA,NA,NA,NA,NA,NA,NA,NA,NA,NA,NA,NA,1,NA,NA,NA,NA,1,NA,NA,NA,NA,NA,NA,NA,NA,NA,"Yes","Private/HOA pool (e.g. Port Ludlow, Cape George, Kala Point),Other (Please specify) - Walla Walla","Less than once a month","","Very likely","","","","","Very likely","","","","","","","Very likely","Very likely","Very likely","","","Several times a month","","","","","","","","","","","","","","","","","Less than once a month","Yes"
"43","A9Ci1FAw","64.184.145.20","Mozilla/5.0 (Windows NT 10.0; Win64; x64) AppleWebKit/537.36 (KHTML, like Gecko) Chrome/132.0.0.0 Safari/537.36","COMPLETED","https://survey.zohopublic.com/zs/7rClYe?lang=en","2/11/2025 14:50","2/11/2025 14:55","5 mins 3 secs ","Pool Support and Amenities","Yes, I live here full-time","Port Hadlock-Irondale","35-54",NA,NA,NA,NA,2,NA,NA,NA,"Somewhat important",NA,NA,NA,NA,NA,NA,NA,NA,NA,NA,NA,NA,NA,NA,NA,NA,NA,NA,1,1,NA,NA,NA,NA,NA,NA,NA,NA,NA,NA,NA,NA,"Yes","Port Townsend Y/Mountain View Pool,Other (Please specify) - Ocean, Diver","Several times a month","Somewhat likely","Very likely","Not likely","Not likely","Not likely","Somewhat likely","Somewhat likely","Not likely","Not likely","Somewhat likely","Not likely","Somewhat likely","Not likely","Very likely","Very likely","Not likely","Very likely","Very likely","More than once a week","Not likely","Not likely","Not likely","Not likely","Somewhat likely","Somewhat likely","Not likely","Somewhat likely","Not likely","Very likely","Somewhat likely","Somewhat likely","Somewhat likely","Very likely","Not likely","Not likely","Several times a month","Yes"
"44","lGCK7Hiq","64.184.145.20","Mozilla/5.0 (Windows NT 10.0; Win64; x64) AppleWebKit/537.36 (KHTML, like Gecko) Chrome/132.0.0.0 Safari/537.36 Edg/132.0.0.0","COMPLETED","https://survey.zohopublic.com/zs/7rClYe?lang=en","2/11/2025 15:03","2/11/2025 15:14","10 mins 57 secs ","Pool Support and Amenities","Yes, I live here full-time","Port Townsend (within city limits)","65-74",NA,NA,NA,NA,NA,1,1,NA,"Somewhat important",NA,NA,NA,NA,NA,NA,NA,NA,NA,NA,NA,NA,NA,NA,NA,NA,NA,NA,NA,NA,NA,NA,1,NA,NA,NA,1,NA,NA,NA,NA,NA,"Yes","Port Townsend Y/Mountain View Pool","Less than once a month","Not likely","Not likely","Not likely","Not likely","Not likely","Not likely","Not likely","Not likely","Not likely","Not likely","Not likely","Not likely","Not likely","Not likely","Not likely","Not likely","Not likely","Not likely","Never","Not likely","Not likely","Not likely","Not likely","Somewhat likely","Not likely","Not likely","Somewhat likely","Not likely","Not likely","Not likely","Not likely","Not likely","Not likely","Not likely","Not likely","Less than once a month","No"
"45","CKB6bJLm","64.184.145.20","Mozilla/5.0 (Windows NT 10.0; Win64; x64) AppleWebKit/537.36 (KHTML, like Gecko) Chrome/132.0.0.0 Safari/537.36","COMPLETED","https://survey.zohopublic.com/zs/7rClYe?lang=en","2/11/2025 15:06","2/11/2025 15:09","2 mins 57 secs ","Pool Support and Amenities","Yes, I live here full-time","Port Townsend (within city limits)","35-54",NA,NA,NA,NA,2,NA,NA,NA,"Not important",NA,NA,NA,NA,NA,NA,NA,NA,NA,NA,NA,NA,NA,NA,NA,NA,NA,NA,2,NA,NA,NA,NA,NA,NA,NA,NA,NA,NA,NA,NA,NA,"No","","Don't use an aquatic facility","Not likely","Not likely","Not likely","Not likely","Not likely","Not likely","Not likely","Not likely","Not likely","Not likely","Not likely","Not likely","Not likely","Not likely","Not likely","Not likely","Not likely","Not likely","Never","Not likely","Not likely","Not likely","Not likely","Not likely","Not likely","Not likely","Not likely","Not likely","Not likely","Not likely","Not likely","Not likely","Not likely","Not likely","Not likely","Never","No"
"46","jkkufXyz","64.184.145.20","Mozilla/5.0 (Windows NT 10.0; Win64; x64) AppleWebKit/537.36 (KHTML, like Gecko) Chrome/132.0.0.0 Safari/537.36","COMPLETED","https://survey.zohopublic.com/zs/7rClYe?lang=en","2/11/2025 15:08","2/11/2025 15:12","4 mins 18 secs ","Pool Support and Amenities","Yes, I live here full-time","Port Townsend (within city limits)","35-54",NA,NA,1,NA,1,NA,NA,NA,"Very important",NA,NA,NA,NA,NA,NA,NA,NA,NA,NA,NA,1,NA,NA,NA,NA,NA,NA,1,NA,NA,NA,NA,NA,NA,NA,NA,NA,NA,NA,NA,NA,"No","","Less than once a month","Very likely","Somewhat likely","Not likely","Not likely","Not likely","Somewhat likely","Very likely","Not likely","Somewhat likely","Very likely","Very likely","Somewhat likely","Not likely","Very likely","Very likely","Very likely","Somewhat likely","Somewhat likely","Several times a month","Not likely","Not likely","Not likely","Not likely","Very likely","Somewhat likely","Very likely","Very likely","Somewhat likely","Very likely","Very likely","Very likely","Very likely","Somewhat likely","Somewhat likely","Somewhat likely","Several times a month","Yes"
"47","EbCKk26V","64.184.145.20","Mozilla/5.0 (Windows NT 10.0; Win64; x64) AppleWebKit/537.36 (KHTML, like Gecko) Chrome/132.0.0.0 Safari/537.36","COMPLETED","https://survey.zohopublic.com/zs/7rClYe?lang=en","2/11/2025 15:16","2/11/2025 15:22","5 mins 29 secs ","Pool Support and Amenities","Yes, I live here full-time","Port Townsend (within city limits)","35-54",NA,NA,2,NA,2,NA,NA,1,"Very important",NA,NA,NA,NA,NA,NA,NA,NA,NA,NA,1,1,NA,NA,NA,NA,NA,NA,2,NA,NA,NA,NA,NA,NA,NA,NA,NA,NA,NA,1,NA,"Yes","Port Angeles SHORE Aquatic Center,Sequim Y,Silverdale Y,Port Townsend Y/Mountain View Pool,North Kitsap Community Pool,Bainbridge Island,Olympic Aquatic Center - Bremerton,Private/HOA pool (e.g. Port Ludlow, Cape George, Kala Point)","More than once a week","Very likely","Very likely","Not likely","Not likely","Very likely","Very likely","Not likely","Not likely","Not likely","Not likely","Very likely","Not likely","Not likely","Very likely","Very likely","Very likely","Not likely","Not likely","More than once a week","","","","","","Very likely","Very likely","","Very likely","","","Very likely","Very likely","Very likely","Very likely","Very likely","More than once a week","Yes"
"48","4cCYdY6B","64.184.145.20","Mozilla/5.0 (Windows NT 10.0; Win64; x64) AppleWebKit/537.36 (KHTML, like Gecko) Chrome/132.0.0.0 Safari/537.36","COMPLETED","https://survey.zohopublic.com/zs/7rClYe?lang=en","2/11/2025 15:28","2/12/2025 8:10","16 hrs 41 mins 50 secs ","Pool Support and Amenities","Yes, I live here full-time","Port Townsend (within city limits)","18-34",NA,NA,NA,2,NA,NA,NA,NA,"Not important",NA,NA,NA,NA,NA,NA,NA,NA,NA,NA,NA,NA,NA,NA,2,NA,NA,NA,NA,NA,NA,NA,NA,NA,NA,NA,NA,NA,NA,NA,NA,NA,"No","","Don't use an aquatic facility","Not likely","Not likely","Not likely","Not likely","Not likely","Not likely","Not likely","Not likely","Not likely","Not likely","Not likely","Not likely","Not likely","Not likely","Not likely","Not likely","Not likely","Not likely","Never","Not likely","Not likely","Not likely","Not likely","Not likely","Not likely","Not likely","Not likely","Not likely","Not likely","Not likely","Not likely","Not likely","Not likely","Not likely","Not likely","Never","No"
"49","LADTsGo3","64.184.145.20","Mozilla/5.0 (Windows NT 10.0; Win64; x64) AppleWebKit/537.36 (KHTML, like Gecko) Chrome/132.0.0.0 Safari/537.36 Edg/132.0.0.0","COMPLETED","https://survey.zohopublic.com/zs/7rClYe?lang=en","2/11/2025 15:30","2/11/2025 15:35","4 mins 31 secs ","Pool Support and Amenities","Yes, I live here full-time","Port Townsend (within city limits)","35-54",NA,NA,NA,NA,2,NA,NA,NA,"Very important",NA,NA,NA,NA,NA,NA,NA,NA,NA,NA,NA,NA,NA,NA,NA,NA,NA,NA,1,1,NA,NA,NA,NA,NA,NA,NA,NA,NA,NA,NA,NA,"Yes","Port Angeles SHORE Aquatic Center","Less than once a month","Very likely","Very likely","Not likely","Not likely","Somewhat likely","Not likely","Somewhat likely","Not likely","Not likely","Somewhat likely","Somewhat likely","Not likely","Not likely","Very likely","Very likely","Very likely","Not likely","Not likely","Several times a month","Not likely","Not likely","Not likely","Not likely","Very likely","Somewhat likely","Somewhat likely","Somewhat likely","Not likely","Not likely","Somewhat likely","Not likely","Not likely","Somewhat likely","Not likely","Not likely","Several times a month","Yes"
"50","x5DTQRE2","64.184.145.20","Mozilla/5.0 (Windows NT 10.0; Win64; x64) AppleWebKit/537.36 (KHTML, like Gecko) Chrome/132.0.0.0 Safari/537.36","COMPLETED","https://survey.zohopublic.com/zs/7rClYe?lang=en","2/11/2025 15:37","2/11/2025 15:41","4 mins 20 secs ","Pool Support and Amenities","Yes, I live here full-time","Cape George","65-74",NA,NA,3,NA,2,NA,2,NA,"Not important",NA,NA,NA,NA,NA,NA,NA,NA,NA,NA,3,NA,NA,NA,NA,NA,NA,NA,2,NA,NA,NA,NA,NA,NA,NA,2,NA,NA,NA,NA,NA,"Yes","Sequim Y","Less than once a month","Somewhat likely","Somewhat likely","","","","","","","","","","","","","","","","","Less than once a month","Somewhat likely","","","","Somewhat likely","Somewhat likely","","","","","Somewhat likely","","","","","","Less than once a month","Yes"
"51","OkCKaebA","64.184.145.20","Mozilla/5.0 (Windows NT 10.0; Win64; x64) AppleWebKit/537.36 (KHTML, like Gecko) Chrome/132.0.0.0 Safari/537.36 Edg/132.0.0.0","COMPLETED","https://survey.zohopublic.com/zs/7rClYe?lang=en","2/11/2025 15:41","2/11/2025 15:46","4 mins 46 secs ","Pool Support and Amenities","Yes, I live here full-time","Port Townsend (within city limits)","55-64",NA,NA,1,NA,NA,1,NA,NA,"Somewhat important",NA,NA,NA,NA,NA,NA,NA,NA,NA,1,NA,NA,NA,NA,NA,NA,NA,NA,NA,NA,NA,NA,1,NA,NA,NA,NA,NA,NA,NA,NA,NA,"Yes","Sequim Y,Port Townsend Y/Mountain View Pool,Bainbridge Island","Less than once a month","Somewhat likely","Somewhat likely","Not likely","Not likely","Not likely","Not likely","Somewhat likely","Not likely","Not likely","Very likely","Somewhat likely","Somewhat likely","Not likely","Very likely","Very likely","Very likely","Not likely","Somewhat likely","Several times a month","Not likely","Not likely","Not likely","Not likely","Somewhat likely","Somewhat likely","Not likely","Somewhat likely","Not likely","Somewhat likely","Very likely","Somewhat likely","Somewhat likely","Somewhat likely","Not likely","Not likely","Several times a month","Yes"
"52","yYCKCrfT","64.184.145.20","Mozilla/5.0 (Windows NT 10.0; Win64; x64) AppleWebKit/537.36 (KHTML, like Gecko) Chrome/132.0.0.0 Safari/537.36","COMPLETED","https://survey.zohopublic.com/zs/7rClYe?lang=en","2/11/2025 15:42","2/11/2025 15:47","4 mins 50 secs ","Pool Support and Amenities","Yes, I live here full-time","Chimacum","65-74",NA,NA,NA,NA,NA,NA,1,NA,"Very important",NA,NA,NA,NA,NA,NA,NA,NA,NA,NA,NA,NA,NA,NA,NA,NA,NA,NA,NA,NA,NA,NA,NA,NA,NA,NA,1,NA,NA,NA,NA,NA,"Yes","Sequim Y,Port Townsend Y/Mountain View Pool","Don't use an aquatic facility","Somewhat likely","Somewhat likely","Somewhat likely","","","","Somewhat likely","","","Somewhat likely","Somewhat likely","","Somewhat likely","Very likely","Somewhat likely","Somewhat likely","Somewhat likely","Somewhat likely","More than once a week","Somewhat likely","Somewhat likely","Somewhat likely","","Very likely","","Somewhat likely","Somewhat likely","Somewhat likely","Somewhat likely","","","","","","","More than once a week","Yes"
"53","FZCiBmPi","64.184.145.20","Mozilla/5.0 (Windows NT 10.0; Win64; x64) AppleWebKit/537.36 (KHTML, like Gecko) Chrome/133.0.0.0 Safari/537.36","COMPLETED","https://survey.zohopublic.com/zs/7rClYe?lang=en","2/11/2025 16:13","2/11/2025 16:20","6 mins 53 secs ","Pool Support and Amenities","Yes, I live here full-time","Port Townsend (within city limits)","55-64",NA,NA,NA,NA,1,1,NA,NA,"Very important",NA,NA,NA,NA,NA,NA,NA,NA,NA,NA,NA,NA,NA,NA,NA,NA,NA,NA,NA,1,NA,NA,NA,1,NA,NA,NA,NA,NA,NA,NA,NA,"Yes","Port Angeles SHORE Aquatic Center,Sequim Y","Less than once a month","Very likely","Not likely","Not likely","Not likely","Not likely","Not likely","Somewhat likely","Not likely","Not likely","Very likely","Very likely","Not likely","Not likely","Very likely","Very likely","Very likely","Not likely","Not likely","Several times a month","Not likely","Not likely","Not likely","Not likely","Very likely","Not likely","Somewhat likely","Not likely","Not likely","Not likely","Very likely","Not likely","Not likely","Somewhat likely","Not likely","Not likely","Less than once a month","Yes"
"54","JMB6EHHw","64.184.145.20","Mozilla/5.0 (Windows NT 10.0; Win64; x64) AppleWebKit/537.36 (KHTML, like Gecko) Chrome/132.0.0.0 Safari/537.36 Edg/132.0.0.0","COMPLETED","https://survey.zohopublic.com/zs/7rClYe?lang=en","2/11/2025 16:14","2/11/2025 16:20","5 mins 58 secs ","Pool Support and Amenities","Yes, I live here full-time","Chimacum","35-54",1,1,NA,NA,2,NA,NA,NA,"Very important",NA,1,NA,NA,NA,NA,1,NA,NA,NA,NA,NA,NA,NA,NA,NA,NA,NA,NA,2,NA,NA,NA,NA,NA,NA,NA,NA,NA,NA,NA,NA,"Yes","Port Angeles SHORE Aquatic Center,Sequim Y,Silverdale Y,Port Townsend Y/Mountain View Pool,Private/HOA pool (e.g. Port Ludlow, Cape George, Kala Point)","Several times a month","Very likely","Very likely","Very likely","Not likely","Very likely","Very likely","Not likely","Not likely","Not likely","Very likely","","Not likely","Very likely","Somewhat likely","Somewhat likely","Somewhat likely","Somewhat likely","Somewhat likely","More than once a week","Somewhat likely","Not likely","Not likely","Not likely","Very likely","Somewhat likely","Somewhat likely","Very likely","Somewhat likely","Very likely","Very likely","Somewhat likely","Somewhat likely","Very likely","Very likely","Very likely","More than once a week","I don't know/need more information"
"55","i0CKZrSB","64.184.145.20","Mozilla/5.0 (Windows NT 10.0; Win64; x64) AppleWebKit/537.36 (KHTML, like Gecko) Chrome/132.0.0.0 Safari/537.36 Edg/132.0.0.0","COMPLETED","https://survey.zohopublic.com/zs/7rClYe?lang=en","2/11/2025 16:16","2/11/2025 16:20","3 mins 38 secs ","Pool Support and Amenities","Yes, I live here full-time","Port Townsend (within city limits)","18-34",NA,NA,NA,NA,1,NA,NA,NA,"Somewhat important",NA,NA,NA,NA,NA,NA,NA,NA,NA,NA,NA,NA,NA,NA,NA,NA,1,NA,1,NA,NA,NA,NA,NA,NA,NA,NA,NA,NA,NA,NA,NA,"No","","Don't use an aquatic facility","Not likely","Not likely","Not likely","Not likely","Not likely","Not likely","Not likely","Not likely","Not likely","Not likely","Not likely","Not likely","Not likely","Very likely","Very likely","Not likely","Not likely","Not likely","Less than once a month","Not likely","Not likely","Not likely","Not likely","Not likely","Not likely","Not likely","Not likely","Not likely","Not likely","Not likely","Not likely","Not likely","Not likely","Not likely","Not likely","Never","I don't know/need more information"
"56","05kYVVKo","64.184.145.20","Mozilla/5.0 (Windows NT 10.0; Win64; x64) AppleWebKit/537.36 (KHTML, like Gecko) Chrome/132.0.0.0 Safari/537.36 Edg/132.0.0.0","PARTIAL","https://survey.zohopublic.com/zs/7rClYe?lang=en","2/11/2025 16:28","2/11/2025 16:31","2 mins 22 secs ","Pool Support and Amenities","Yes, I live here full-time","Port Townsend (outside the city limits)","35-54",1,NA,2,NA,2,NA,NA,NA,"Somewhat important",NA,1,NA,NA,NA,NA,NA,NA,NA,NA,2,NA,NA,NA,NA,NA,NA,NA,2,NA,NA,NA,NA,NA,NA,NA,NA,NA,NA,NA,NA,NA,"Yes","Private/HOA pool (e.g. Port Ludlow, Cape George, Kala Point)","Several times a month","","Very likely","","","","","","","","","","","","Very likely","Very likely","","","","Less than once a month","","","","","","","","","","","","","","","","","",""
"57","eUCiqVVb","64.184.145.20","Mozilla/5.0 (Windows NT 10.0; Win64; x64) AppleWebKit/537.36 (KHTML, like Gecko) Chrome/133.0.0.0 Safari/537.36","COMPLETED","https://survey.zohopublic.com/zs/7rClYe?lang=en","2/11/2025 16:35","2/11/2025 16:39","3 mins 45 secs ","Pool Support and Amenities","Yes, I live here full-time","Port Townsend (within city limits)","35-54",NA,NA,NA,NA,1,NA,NA,NA,"Somewhat important",NA,NA,NA,NA,NA,NA,NA,NA,NA,NA,NA,NA,NA,NA,NA,NA,NA,1,NA,NA,NA,NA,NA,NA,NA,NA,NA,NA,NA,NA,NA,NA,"No","","Don't use an aquatic facility","Somewhat likely","Somewhat likely","Somewhat likely","Not likely","Not likely","Not likely","Somewhat likely","Not likely","Not likely","Somewhat likely","Somewhat likely","Somewhat likely","Somewhat likely","Somewhat likely","Somewhat likely","Somewhat likely","Somewhat likely","Somewhat likely","Several times a month","Not likely","Not likely","Not likely","Not likely","Somewhat likely","Somewhat likely","Somewhat likely","Somewhat likely","Somewhat likely","Somewhat likely","Somewhat likely","Somewhat likely","Somewhat likely","Not likely","Not likely","Not likely","Several times a month","Yes"
"58","3dffpUNV","64.184.145.20","Mozilla/5.0 (Windows NT 10.0; Win64; x64) AppleWebKit/537.36 (KHTML, like Gecko) Chrome/133.0.0.0 Safari/537.36","COMPLETED","https://survey.zohopublic.com/zs/7rClYe?lang=en","2/11/2025 17:09","2/11/2025 17:15","5 mins 57 secs ","Pool Support and Amenities","Yes, I live here full-time","Port Ludlow","65-74",NA,NA,NA,NA,NA,NA,2,NA,"Somewhat important",NA,NA,NA,NA,NA,NA,NA,NA,NA,NA,NA,NA,NA,NA,NA,NA,NA,NA,NA,NA,NA,NA,NA,NA,NA,NA,2,NA,NA,NA,NA,NA,"Yes","Private/HOA pool (e.g. Port Ludlow, Cape George, Kala Point)","Less than once a month","Not likely","Not likely","Not likely","Somewhat likely","Not likely","Not likely","Somewhat likely","Not likely","Not likely","Not likely","Not likely","Not likely","Not likely","Not likely","Not likely","Not likely","Not likely","Not likely","Less than once a month","Not likely","Not likely","Not likely","Not likely","Somewhat likely","Not likely","Somewhat likely","Not likely","Not likely","Not likely","Not likely","Not likely","Not likely","Not likely","Not likely","Not likely","Less than once a month","Yes"
"59","nKCKtDk0","64.184.145.20","Mozilla/5.0 (Windows NT 10.0; Win64; x64) AppleWebKit/537.36 (KHTML, like Gecko) Chrome/132.0.0.0 Safari/537.36 Edg/132.0.0.0","COMPLETED","https://survey.zohopublic.com/zs/7rClYe?lang=en","2/11/2025 17:32","2/11/2025 18:04","31 mins 37 secs ","Pool Support and Amenities","Yes, I live here full-time","Port Townsend (within city limits)","55-64",NA,NA,NA,NA,NA,2,NA,NA,"No opinion/more information needed",NA,NA,NA,NA,NA,NA,NA,NA,NA,NA,NA,NA,NA,NA,NA,NA,NA,NA,NA,NA,NA,NA,2,NA,NA,NA,NA,NA,NA,NA,NA,NA,"No","","Less than once a month","Not likely","Not likely","Not likely","Not likely","Not likely","Not likely","Not likely","Not likely","Not likely","Somewhat likely","Not likely","Not likely","Not likely","Somewhat likely","Not likely","Not likely","Not likely","Not likely","Less than once a month","Not likely","Not likely","Not likely","Not likely","Somewhat likely","Somewhat likely","Somewhat likely","Somewhat likely","Not likely","Not likely","Somewhat likely","Somewhat likely","Somewhat likely","Somewhat likely","Not likely","Not likely","Several times a month","No"
"60","nGfAWYce","64.184.145.20","Mozilla/5.0 (Windows NT 10.0; Win64; x64) AppleWebKit/537.36 (KHTML, like Gecko) Chrome/132.0.0.0 Safari/537.36 Edg/132.0.0.0","PARTIAL","https://survey.zohopublic.com/zs/7rClYe?lang=en","2/12/2025 6:21","2/12/2025 6:25","4 mins 5 secs ","Pool Support and Amenities","Yes, I live here full-time","Port Townsend (within city limits)","55-64",NA,NA,NA,NA,NA,1,1,NA,"Somewhat important",NA,NA,NA,NA,NA,NA,NA,NA,NA,NA,NA,NA,NA,NA,NA,NA,NA,NA,NA,NA,NA,NA,1,NA,1,NA,NA,NA,NA,NA,NA,NA,"No","","Don't use an aquatic facility","","","","","","","","","","","","","","","","","","","","","","","","","","","","","","","","","","","","",""
"61","w7CYZaWE","64.184.145.20","Mozilla/5.0 (Windows NT 10.0; Win64; x64) AppleWebKit/537.36 (KHTML, like Gecko) Chrome/133.0.0.0 Safari/537.36 Edg/133.0.0.0","COMPLETED","https://survey.zohopublic.com/zs/7rClYe?lang=en","2/12/2025 7:18","2/12/2025 7:21","3 mins 4 secs ","Pool Support and Amenities","Yes, I live here full-time","Chimacum","55-64",NA,NA,NA,NA,NA,2,NA,NA,"Not important",NA,NA,NA,NA,NA,NA,NA,NA,NA,NA,NA,NA,NA,NA,NA,NA,NA,NA,NA,NA,NA,NA,2,NA,NA,NA,NA,NA,NA,NA,NA,NA,"No","","Don't use an aquatic facility","Not likely","Not likely","Not likely","Not likely","Not likely","Not likely","Not likely","Not likely","Not likely","Not likely","Not likely","Not likely","Not likely","Not likely","Not likely","Not likely","Not likely","Not likely","Never","Not likely","Not likely","Not likely","Not likely","Not likely","Not likely","Not likely","Not likely","Not likely","Not likely","Not likely","Not likely","Not likely","Not likely","Not likely","Not likely","Never","No"
"62","PTf7JNFH","64.184.145.20","Mozilla/5.0 (Windows NT 10.0; Win64; x64; rv:135.0) Gecko/20100101 Firefox/135.0","COMPLETED","https://survey.zohopublic.com/zs/7rClYe?lang=en","2/12/2025 7:51","2/12/2025 8:01","10 mins 1 sec ","Pool Support and Amenities","Yes, I live here full-time","Port Townsend (outside the city limits)","65-74",NA,NA,NA,NA,NA,NA,1,NA,"Not important",NA,NA,NA,NA,NA,NA,NA,NA,NA,NA,NA,NA,NA,NA,NA,NA,NA,NA,NA,NA,NA,NA,NA,NA,NA,NA,1,NA,NA,NA,NA,NA,"No","","Less than once a month","Not likely","Somewhat likely","Not likely","Somewhat likely","Not likely","Not likely","Somewhat likely","Not likely","Not likely","Somewhat likely","Somewhat likely","Not likely","Not likely","Somewhat likely","Not likely","Somewhat likely","Not likely","Not likely","Less than once a month","Not likely","Not likely","Not likely","Not likely","Somewhat likely","Not likely","Somewhat likely","Not likely","Not likely","Not likely","Not likely","Not likely","Not likely","Not likely","Not likely","Not likely","Less than once a month","No"
"63","ZxC4zbKh","64.184.145.20","Mozilla/5.0 (Windows NT 10.0; Win64; x64) AppleWebKit/537.36 (KHTML, like Gecko) Chrome/133.0.0.0 Safari/537.36","COMPLETED","https://survey.zohopublic.com/zs/7rClYe?lang=en","2/12/2025 7:58","2/12/2025 8:03","5 mins 28 secs ","Pool Support and Amenities","Yes, I live here full-time","Port Townsend (within city limits)","65-74",NA,NA,NA,NA,NA,NA,2,NA,"Very important",NA,NA,NA,NA,NA,NA,NA,NA,NA,NA,NA,NA,NA,NA,NA,NA,NA,NA,NA,NA,NA,NA,NA,NA,NA,NA,1,NA,NA,NA,NA,NA,"Yes","Port Townsend Y/Mountain View Pool","Less than once a month","","Very likely","","","","","","","","","","","","","","","","","Less than once a month","","","","","","Very likely","Very likely","","","","","","","","","","Several times a month","Yes"
"64","ljCiZyTU","64.184.145.20","Mozilla/5.0 (Windows NT 10.0; Win64; x64) AppleWebKit/537.36 (KHTML, like Gecko) Chrome/132.0.0.0 Safari/537.36","COMPLETED","https://survey.zohopublic.com/zs/7rClYe?lang=en","2/12/2025 8:09","2/12/2025 8:15","5 mins 29 secs ","Pool Support and Amenities","Yes, I live here full-time","Discovery Bay","18-34",NA,NA,NA,2,NA,NA,NA,NA,"Very important",NA,NA,NA,NA,NA,NA,NA,NA,NA,NA,NA,NA,NA,NA,2,NA,NA,NA,NA,NA,NA,NA,NA,NA,NA,NA,NA,NA,NA,NA,NA,NA,"Yes","Port Townsend Y/Mountain View Pool","Less than once a month","Not likely","Not likely","Not likely","Not likely","Not likely","Not likely","Not likely","Not likely","Somewhat likely","Somewhat likely","Not likely","Not likely","Not likely","Somewhat likely","Somewhat likely","Not likely","Not likely","Not likely","Less than once a month","Not likely","Not likely","Not likely","Not likely","Somewhat likely","Not likely","Somewhat likely","Somewhat likely","Not likely","Somewhat likely","Somewhat likely","Somewhat likely","Somewhat likely","Very likely","Not likely","Not likely","Several times a month","Yes"
"65","OJktQpYb","64.184.145.20","Mozilla/5.0 (Windows NT 10.0; Win64; x64) AppleWebKit/537.36 (KHTML, like Gecko) Chrome/133.0.0.0 Safari/537.36","COMPLETED","https://survey.zohopublic.com/zs/7rClYe?lang=en","2/12/2025 8:27","2/12/2025 8:38","11 mins 51 secs ","Pool Support and Amenities","Yes, I live here full-time","Port Townsend (outside the city limits)","55-64",NA,NA,NA,NA,NA,2,NA,NA,"Very important",NA,NA,NA,NA,NA,NA,NA,NA,NA,NA,NA,NA,NA,NA,NA,NA,NA,NA,NA,NA,NA,1,1,NA,NA,NA,NA,NA,NA,NA,NA,NA,"No","","Don't use an aquatic facility","Not likely","Somewhat likely","Not likely","Somewhat likely","Not likely","Not likely","Somewhat likely","Not likely","Not likely","Somewhat likely","Very likely","Not likely","Not likely","Not likely","Not likely","Not likely","Not likely","Not likely","Less than once a month","Not likely","Not likely","Not likely","Not likely","Somewhat likely","Somewhat likely","Somewhat likely","Very likely","Somewhat likely","Not likely","Somewhat likely","Somewhat likely","Somewhat likely","Not likely","Not likely","Not likely","Several times a month","No"
"66","JOfUE4dT","64.184.145.20","Mozilla/5.0 (Windows NT 10.0; Win64; x64) AppleWebKit/537.36 (KHTML, like Gecko) Chrome/132.0.0.0 Safari/537.36","COMPLETED","https://survey.zohopublic.com/zs/7rClYe?lang=en","2/12/2025 8:33","2/12/2025 8:47","13 mins 49 secs ","Pool Support and Amenities","Yes, I live here full-time","Port Townsend (within city limits)","18-34",NA,NA,NA,2,NA,NA,NA,NA,"No opinion/more information needed",NA,NA,NA,NA,NA,NA,NA,NA,NA,NA,NA,NA,NA,NA,2,NA,NA,NA,NA,NA,NA,NA,NA,NA,NA,NA,NA,NA,NA,NA,NA,NA,"No","","Don't use an aquatic facility","Not likely","Somewhat likely","Not likely","Not likely","Not likely","Not likely","Not likely","Not likely","Not likely","Not likely","Somewhat likely","Not likely","Not likely","Somewhat likely","Not likely","Not likely","Not likely","Not likely","Never","Not likely","Not likely","Not likely","Not likely","Somewhat likely","Not likely","Not likely","Somewhat likely","Not likely","Somewhat likely","Somewhat likely","Somewhat likely","Somewhat likely","Somewhat likely","Not likely","Not likely","Less than once a month","No"
"67","N4CYxLfJ","64.184.145.20","Mozilla/5.0 (Windows NT 10.0; Win64; x64) AppleWebKit/537.36 (KHTML, like Gecko) Chrome/132.0.0.0 Safari/537.36","COMPLETED","https://survey.zohopublic.com/zs/7rClYe?lang=en","2/12/2025 8:35","2/12/2025 8:38","3 mins 5 secs ","Pool Support and Amenities","Yes, I live here full-time","Port Townsend (within city limits)","55-64",NA,NA,NA,NA,NA,2,NA,NA,"Very important",NA,NA,NA,NA,NA,NA,NA,NA,NA,NA,NA,NA,NA,NA,NA,NA,NA,NA,NA,NA,NA,NA,1,1,NA,NA,NA,NA,NA,NA,NA,NA,"Yes","Sequim Y,Other (Please specify) - Tacoma/Seattle YMCA","Less than once a month","Very likely","Very likely","Not likely","Not likely","Very likely","","Very likely","Very likely","Very likely","Very likely","Very likely","Very likely","","Very likely","Very likely","Not likely","Very likely","Not likely","More than once a week","Not likely","Not likely","Not likely","Not likely","Very likely","Very likely","Very likely","Very likely","Not likely","Somewhat likely","Very likely","Very likely","Very likely","Not likely","Not likely","Not likely","More than once a week","Yes"
"68","byDTFPXF","64.184.145.20","Mozilla/5.0 (Windows NT 10.0; Win64; x64) AppleWebKit/537.36 (KHTML, like Gecko) Chrome/133.0.0.0 Safari/537.36","COMPLETED","https://survey.zohopublic.com/zs/7rClYe?lang=en","2/12/2025 8:42","2/12/2025 8:46","4 mins 15 secs ","Pool Support and Amenities","Yes, I live here full-time","Port Townsend (within city limits)","35-54",1,2,NA,NA,2,NA,NA,NA,"Very important",NA,1,NA,NA,NA,1,1,NA,NA,NA,NA,NA,NA,NA,NA,NA,NA,NA,2,NA,NA,NA,NA,NA,NA,NA,NA,NA,NA,NA,NA,NA,"Yes","Port Townsend Y/Mountain View Pool,North Kitsap Community Pool","Less than once a month","Somewhat likely","Very likely","Very likely","","Very likely","Very likely","","","Very likely","","Very likely","","","","Very likely","","Very likely","Very likely","Several times a month","Very likely","Not likely","Somewhat likely","Very likely","Somewhat likely","Somewhat likely","Somewhat likely","Not likely","Not likely","Somewhat likely","Very likely","Somewhat likely","Somewhat likely","Very likely","Very likely","Very likely","More than once a week","Yes"
"69","HLCYB70W","64.184.145.20","Mozilla/5.0 (Windows NT 10.0; Win64; x64; rv:135.0) Gecko/20100101 Firefox/135.0","COMPLETED","https://survey.zohopublic.com/zs/7rClYe?lang=en","2/12/2025 8:56","2/12/2025 9:06","10 mins ","Pool Support and Amenities","Yes, I live here full-time","Port Townsend (within city limits)","35-54",4,NA,NA,NA,NA,NA,NA,NA,"Somewhat important",NA,NA,NA,NA,NA,NA,NA,NA,NA,NA,NA,NA,NA,NA,NA,NA,NA,NA,NA,NA,NA,NA,NA,NA,NA,NA,NA,NA,NA,NA,NA,NA,"Yes","Other (Please specify) - SUNCADIA","Less than once a month","","Somewhat likely","","","","","","","","","","Somewhat likely","","","","","","","Less than once a month","","","","","","","","","","","","","","","","","Less than once a month","Yes"
"70","mQB6O1w2","64.184.145.20","Mozilla/5.0 (Windows NT 10.0; Win64; x64) AppleWebKit/537.36 (KHTML, like Gecko) Chrome/132.0.0.0 Safari/537.36","COMPLETED","https://survey.zohopublic.com/zs/7rClYe?lang=en","2/12/2025 9:04","2/12/2025 9:16","12 mins 26 secs ","Pool Support and Amenities","Yes, I live here full-time","Port Ludlow","65-74",NA,NA,NA,NA,NA,1,1,NA,"Very important",NA,NA,NA,NA,NA,NA,NA,NA,NA,NA,NA,NA,NA,NA,NA,NA,NA,NA,NA,NA,NA,NA,1,NA,NA,NA,1,NA,NA,NA,NA,NA,"Yes","Private/HOA pool (e.g. Port Ludlow, Cape George, Kala Point),Other (Please specify) - Hotel while a guest","Don't use an aquatic facility","Very likely","Very likely","Not likely","Somewhat likely","Not likely","Not likely","Very likely","Not likely","Not likely","Not likely","Very likely","Not likely","Somewhat likely","Very likely","Somewhat likely","Very likely","Very likely","Not likely","Several times a month","Not likely","Not likely","Not likely","Not likely","Very likely","Somewhat likely","Somewhat likely","Very likely","Not likely","Somewhat likely","Not likely","Somewhat likely","Not likely","Not likely","Not likely","Not likely","Less than once a month","Yes"
"71","dyB6EnXG","64.184.145.20","Mozilla/5.0 (Windows NT 10.0; Win64; x64) AppleWebKit/537.36 (KHTML, like Gecko) Chrome/132.0.0.0 Safari/537.36","COMPLETED","https://survey.zohopublic.com/zs/7rClYe?lang=en","2/12/2025 9:07","2/12/2025 9:12","5 mins 2 secs ","Pool Support and Amenities","Yes, I live here full-time","Port Townsend (outside the city limits)","55-64",NA,NA,NA,NA,NA,1,NA,NA,"Very important",NA,NA,NA,NA,NA,NA,NA,NA,NA,NA,NA,NA,NA,NA,NA,NA,NA,NA,NA,NA,NA,NA,1,NA,NA,NA,NA,NA,NA,NA,NA,NA,"No","","Don't use an aquatic facility","Somewhat likely","","","","","","","","","","","","","Very likely","Very likely","","","","Several times a month","","","","","Very likely","","Very likely","","","Very likely","Very likely","Very likely","Very likely","","","","Several times a month","Yes"
"72","cLfyEh1K","64.184.145.20","Mozilla/5.0 (Windows NT 10.0; Win64; x64) AppleWebKit/537.36 (KHTML, like Gecko) Chrome/133.0.0.0 Safari/537.36","COMPLETED","https://survey.zohopublic.com/zs/7rClYe?lang=en","2/12/2025 9:41","2/12/2025 9:47","6 mins 23 secs ","Pool Support and Amenities","Yes, I live here full-time","Port Townsend (outside the city limits)","55-64",2,NA,NA,NA,NA,NA,NA,NA,"Not important",NA,NA,2,NA,NA,NA,NA,NA,NA,NA,NA,NA,NA,NA,NA,NA,NA,NA,NA,NA,NA,NA,NA,NA,NA,NA,NA,NA,NA,NA,NA,NA,"No","","Less than once a month","Not likely","Not likely","Not likely","Not likely","Not likely","Not likely","Somewhat likely","Not likely","Not likely","Not likely","Somewhat likely","Not likely","Not likely","Not likely","Not likely","Not likely","Not likely","Somewhat likely","Less than once a month","Not likely","Not likely","Not likely","Not likely","Not likely","Somewhat likely","Not likely","Somewhat likely","Not likely","Somewhat likely","Not likely","Not likely","Not likely","Not likely","Not likely","Not likely","Less than once a month","No"
"73","4pCiRMG4","64.184.145.20","Mozilla/5.0 (Windows NT 10.0; Win64; x64) AppleWebKit/537.36 (KHTML, like Gecko) Chrome/132.0.0.0 Safari/537.36","COMPLETED","https://survey.zohopublic.com/zs/7rClYe?lang=en","2/12/2025 9:44","2/12/2025 9:50","5 mins 47 secs ","Pool Support and Amenities","Yes, I live here full-time","Cape George","65-74",NA,NA,NA,NA,NA,NA,NA,NA,"Somewhat important",NA,NA,NA,NA,NA,NA,NA,NA,NA,NA,NA,NA,NA,NA,NA,NA,NA,NA,NA,NA,NA,NA,NA,NA,NA,NA,NA,NA,NA,NA,NA,NA,"No","","Don't use an aquatic facility","Not likely","Not likely","Not likely","Not likely","Not likely","Not likely","Not likely","Not likely","Not likely","Not likely","Very likely","Not likely","Not likely","Not likely","Not likely","Not likely","Not likely","Not likely","Several times a month","Not likely","Not likely","Not likely","Not likely","Very likely","Very likely","Very likely","Very likely","","Very likely","Very likely","Very likely","Very likely","Not likely","Not likely","Not likely","Several times a month","I don't know/need more information"
"74","pfEBTLlq","64.184.145.20","Mozilla/5.0 (Windows NT 10.0; Win64; x64) AppleWebKit/537.36 (KHTML, like Gecko) Chrome/133.0.0.0 Safari/537.36 Edg/133.0.0.0","COMPLETED","https://survey.zohopublic.com/zs/7rClYe?lang=en","2/12/2025 9:47","2/12/2025 9:51","3 mins 53 secs ","Pool Support and Amenities","Yes, I live here full-time","Port Ludlow","35-54",NA,NA,1,NA,2,NA,NA,NA,"Not important",NA,NA,NA,NA,NA,NA,NA,NA,NA,NA,NA,5,NA,NA,NA,NA,NA,NA,NA,5,NA,NA,NA,NA,NA,NA,NA,NA,NA,NA,NA,NA,"Yes","Private/HOA pool (e.g. Port Ludlow, Cape George, Kala Point)","Less than once a month","Not likely","Not likely","Not likely","Not likely","Not likely","Not likely","Not likely","Not likely","Not likely","Not likely","Not likely","Not likely","Not likely","Not likely","Not likely","Not likely","Not likely","Not likely","Never","Not likely","Not likely","Not likely","Not likely","Not likely","Not likely","Not likely","Not likely","Not likely","Not likely","Not likely","Not likely","","Not likely","Not likely","Not likely","Less than once a month","No"
"75","Mcf5om5N","64.184.145.20","Mozilla/5.0 (Windows NT 10.0; Win64; x64) AppleWebKit/537.36 (KHTML, like Gecko) Chrome/133.0.0.0 Safari/537.36 Edg/133.0.0.0","COMPLETED","https://survey.zohopublic.com/zs/7rClYe?lang=en","2/12/2025 11:25","2/12/2025 11:32","6 mins 48 secs ","Pool Support and Amenities","Yes, I live here full-time","Port Hadlock-Irondale","35-54",NA,NA,2,NA,2,NA,NA,NA,"Very important",NA,NA,NA,NA,NA,NA,NA,NA,NA,NA,2,NA,NA,NA,NA,NA,NA,NA,2,NA,NA,NA,NA,NA,NA,NA,NA,NA,NA,NA,NA,NA,"Yes","Port Angeles SHORE Aquatic Center,Sequim Y,Silverdale Y,Port Townsend Y/Mountain View Pool,Bainbridge Island,Private/HOA pool (e.g. Port Ludlow, Cape George, Kala Point)","Less than once a month","Somewhat likely","Very likely","Somewhat likely","Not likely","Somewhat likely","Very likely","Very likely","Somewhat likely","Somewhat likely","Very likely","Very likely","Very likely","Not likely","Somewhat likely","Somewhat likely","Somewhat likely","Somewhat likely","Not likely","More than once a week","Very likely","Not likely","Not likely","Not likely","Very likely","Very likely","Very likely","Very likely","Very likely","Very likely","Very likely","Somewhat likely","Somewhat likely","Very likely","Very likely","Very likely","More than once a week","Yes"
"76","MFC43sqb","64.184.145.20","Mozilla/5.0 (Windows NT 10.0; Win64; x64) AppleWebKit/537.36 (KHTML, like Gecko) Chrome/133.0.0.0 Safari/537.36","COMPLETED","https://survey.zohopublic.com/zs/7rClYe?lang=en","2/12/2025 15:45","2/12/2025 15:49","4 mins 19 secs ","Pool Support and Amenities","Yes, I live here full-time","Brinnon","35-54",NA,1,NA,NA,2,NA,NA,NA,"Somewhat important",NA,NA,NA,NA,NA,1,NA,NA,NA,NA,NA,NA,NA,NA,NA,NA,NA,NA,2,NA,NA,NA,NA,NA,NA,NA,NA,NA,NA,NA,NA,NA,"No","","Don't use an aquatic facility","","Very likely","Somewhat likely","Not likely","Somewhat likely","Somewhat likely","Somewhat likely","Not likely","Somewhat likely","Somewhat likely","Somewhat likely","Not likely","Not likely","Not likely","Not likely","Not likely","Not likely","Somewhat likely","Several times a month","Not likely","Not likely","Not likely","Not likely","Not likely","Not likely","Not likely","Not likely","Not likely","Not likely","Not likely","Not likely","Not likely","Somewhat likely","Not likely","Not likely","Never","I don't know/need more information"
"77","1FCiKouA","64.184.145.20","Mozilla/5.0 (Windows NT 10.0; Win64; x64) AppleWebKit/537.36 (KHTML, like Gecko) Chrome/132.0.0.0 Safari/537.36","COMPLETED","https://survey.zohopublic.com/zs/7rClYe?lang=en","2/13/2025 14:51","2/13/2025 14:56","5 mins 6 secs ","Pool Support and Amenities","Yes, I live here full-time","Port Townsend (within city limits)","55-64",NA,NA,NA,1,NA,2,NA,NA,"Very important",NA,NA,NA,NA,NA,NA,NA,NA,NA,NA,NA,NA,NA,NA,3,NA,NA,NA,NA,NA,3,NA,NA,NA,NA,NA,NA,NA,NA,NA,NA,NA,"Yes","Port Townsend Y/Mountain View Pool","Less than once a month","Very likely","Not likely","Not likely","Not likely","Not likely","Not likely","Not likely","Not likely","Somewhat likely","Somewhat likely","Somewhat likely","","","Somewhat likely","Somewhat likely","Somewhat likely","Not likely","Not likely","Several times a month","Not likely","Not likely","Not likely","Not likely","Somewhat likely","Somewhat likely","Not likely","Somewhat likely","Not likely","Somewhat likely","Somewhat likely","Somewhat likely","Somewhat likely","Not likely","Somewhat likely","Somewhat likely","Several times a month","Yes"
"78","UsfZMHkf","64.184.145.20","Mozilla/5.0 (Windows NT 10.0; Win64; x64) AppleWebKit/537.36 (KHTML, like Gecko) Chrome/132.0.0.0 Safari/537.36","COMPLETED","https://survey.zohopublic.com/zs/7rClYe?lang=en","2/14/2025 7:04","2/14/2025 7:12","8 mins 16 secs ","Pool Support and Amenities","Yes, I live here full-time","Gardiner","35-54",NA,1,NA,NA,2,NA,1,NA,"Very important",NA,NA,NA,NA,NA,NA,1,NA,NA,NA,NA,NA,NA,NA,NA,NA,NA,NA,NA,2,NA,NA,NA,NA,NA,NA,1,NA,NA,NA,NA,NA,"Yes","Port Angeles SHORE Aquatic Center,Sequim Y","Several times a month","Somewhat likely","Very likely","Very likely","Not likely","Not likely","Not likely","Very likely","Not likely","Not likely","Very likely","Very likely","Very likely","Very likely","Very likely","Very likely","Not likely","Somewhat likely","Very likely","Several times a month","Very likely","Not likely","Not likely","Not likely","Somewhat likely","Somewhat likely","Somewhat likely","Somewhat likely","Not likely","Not likely","Somewhat likely","Not likely","Not likely","Not likely","Somewhat likely","Somewhat likely","Several times a month","Yes"
"79","eoEBs8OM","64.184.145.20","Mozilla/5.0 (Windows NT 10.0; Win64; x64) AppleWebKit/537.36 (KHTML, like Gecko) Chrome/132.0.0.0 Safari/537.36","COMPLETED","https://survey.zohopublic.com/zs/7rClYe?lang=en","2/14/2025 8:10","2/14/2025 8:14","4 mins 7 secs ","Pool Support and Amenities","Yes, I live here full-time","Port Townsend (outside the city limits)","55-64",NA,NA,NA,NA,NA,2,NA,NA,"Very important",NA,NA,NA,NA,NA,NA,NA,NA,NA,NA,NA,NA,NA,NA,NA,NA,NA,NA,NA,NA,NA,NA,2,NA,NA,NA,NA,NA,NA,NA,NA,NA,"Yes","Sequim Y,Port Townsend Y/Mountain View Pool","Several times a month","Very likely","Very likely","Somewhat likely","Not likely","Not likely","Somewhat likely","Very likely","Not likely","Somewhat likely","Somewhat likely","Very likely","Somewhat likely","Not likely","Very likely","Very likely","Very likely","Somewhat likely","Somewhat likely","Several times a month","Not likely","Not likely","Not likely","Not likely","Somewhat likely","Somewhat likely","Somewhat likely","Somewhat likely","Somewhat likely","Somewhat likely","Somewhat likely","Somewhat likely","Somewhat likely","Somewhat likely","Not likely","Not likely","Several times a month","Yes"
"80","FGk5s4pZ","64.184.145.20","Mozilla/5.0 (Windows NT 10.0; Win64; x64) AppleWebKit/537.36 (KHTML, like Gecko) Chrome/133.0.0.0 Safari/537.36","COMPLETED","https://survey.zohopublic.com/zs/7rClYe?lang=en","2/14/2025 9:09","2/14/2025 9:14","5 mins 2 secs ","Pool Support and Amenities","Yes, I live here full-time","Port Townsend (within city limits)","18-34",2,NA,NA,2,NA,NA,NA,NA,"Very important",2,NA,NA,NA,NA,NA,NA,NA,NA,NA,NA,NA,NA,NA,NA,2,NA,NA,NA,NA,NA,NA,NA,NA,NA,NA,NA,NA,NA,NA,NA,NA,"No","","Don't use an aquatic facility","Not likely","Very likely","Very likely","Not likely","Not likely","Not likely","Not likely","Not likely","Somewhat likely","Not likely","Not likely","Very likely","Very likely","Very likely","Very likely","Very likely","Very likely","Very likely","Several times a month","Very likely","Very likely","Very likely","Very likely","Very likely","Not likely","Not likely","Not likely","Not likely","Very likely","Very likely","Not likely","","Not likely","Not likely","Not likely","Less than once a month","Yes"
"81","aQCYBFPB","64.184.145.20","Mozilla/5.0 (Windows NT 10.0; Win64; x64) AppleWebKit/537.36 (KHTML, like Gecko) Chrome/133.0.0.0 Safari/537.36","COMPLETED","https://survey.zohopublic.com/zs/7rClYe?lang=en","2/19/2025 9:33","2/19/2025 9:39","6 mins ","Pool Support and Amenities","Yes, I live here full-time","Port Townsend (outside the city limits)","65-74",NA,NA,NA,NA,NA,NA,1,NA,"Very important",NA,NA,NA,NA,NA,NA,NA,NA,NA,NA,NA,NA,NA,NA,NA,NA,NA,NA,NA,NA,NA,NA,NA,NA,NA,NA,2,NA,NA,NA,NA,NA,"No","","Don't use an aquatic facility","Somewhat likely","Somewhat likely","","Somewhat likely","","","Somewhat likely","","","","Somewhat likely","","","Somewhat likely","Somewhat likely","","","","Several times a month","","","","","Very likely","Very likely","Very likely","Very likely","","Very likely","","","Very likely","Very likely","","","Several times a month","Yes"
"82","AKB6mB1F","64.184.145.20","Mozilla/5.0 (Windows NT 10.0; Win64; x64) AppleWebKit/537.36 (KHTML, like Gecko) Chrome/133.0.0.0 Safari/537.36","COMPLETED","https://survey.zohopublic.com/zs/7rClYe?lang=en","2/19/2025 14:20","2/19/2025 14:28","7 mins 15 secs ","Pool Support and Amenities","Yes, I live here full-time","Port Townsend (within city limits)","55-64",NA,NA,NA,NA,NA,1,NA,NA,"Not important",NA,NA,NA,NA,NA,NA,NA,NA,NA,NA,NA,NA,NA,NA,NA,NA,NA,NA,NA,NA,NA,NA,1,NA,NA,NA,NA,NA,NA,NA,NA,NA,"No","","Don't use an aquatic facility","Not likely","Somewhat likely","Not likely","Not likely","Not likely","Not likely","Somewhat likely","Not likely","Not likely","Somewhat likely","Not likely","Not likely","Not likely","Somewhat likely","Somewhat likely","Not likely","Not likely","Not likely","Never","Not likely","Not likely","Not likely","Not likely","Not likely","Not likely","Not likely","Not likely","Not likely","Not likely","Not likely","Not likely","Not likely","Not likely","Not likely","Not likely","Never","No"
"83","KHfhVcF5","64.184.145.20","Mozilla/5.0 (Windows NT 10.0; Win64; x64) AppleWebKit/537.36 (KHTML, like Gecko) Chrome/133.0.0.0 Safari/537.36","COMPLETED","https://survey.zohopublic.com/zs/7rClYe?lang=en","2/26/2025 10:36","2/26/2025 10:40","4 mins 3 secs ","Pool Support and Amenities","Yes, I live here full-time","Port Townsend (within city limits)","35-54",NA,NA,NA,NA,2,NA,NA,NA,"Very important",NA,NA,NA,NA,NA,NA,NA,NA,NA,NA,NA,NA,NA,NA,NA,NA,NA,NA,2,NA,NA,NA,NA,NA,NA,NA,NA,NA,NA,NA,NA,NA,"No","","Don't use an aquatic facility","Not likely","Somewhat likely","Not likely","Not likely","Not likely","Not likely","Not likely","Not likely","Not likely","Somewhat likely","Somewhat likely","Somewhat likely","Not likely","Somewhat likely","Somewhat likely","Somewhat likely","Not likely","Somewhat likely","Less than once a month","Not likely","Not likely","Not likely","Not likely","Somewhat likely","Somewhat likely","Somewhat likely","Somewhat likely","Somewhat likely","Somewhat likely","Somewhat likely","Not likely","Not likely","Somewhat likely","Not likely","Not likely","Less than once a month","Yes"
