"","Response.ID","IP.address","Response.status","JeffCo.resident","City.area","Age","Under7","7_12","13_18","19_34","35_54","55-64","65_74","75_older","RateNewPoolImportance","Under7_Non.swimmer","Under7_Beginner","Under7_Intermediate","Under7_Advanced","7_12_Non.swimmer","7_12_Beginner","7_12_Intermediate","7_12_Advanced","13_18_Non.swimmer","13_18_Beginner","13_18_Intermediate","13_18_Advanced","19_34_Non.swimmer","19_34_Beginner","19_34_Intermediate","19_34_Advanced","35_54_Non.swimmer","35_54_Beginner","35_54_Intermediate","35_54_Advanced","55-64_Non.swimmer","55-64_Beginner","55-64_Intermediate","55-64_Advanced","65_74_Non.swimmer","65_74_Beginner","65_74_Intermediate","65_74_Advanced","75_older_Non.swimmer","75_older_Beginner","75_older_Intermediate","75_older_Advanced","UsedAquaticsPast2Years","WhichAquaticFacilities","FacilityUsageRate","AquaAmenities_LapSwimming","AquaAmenities_OpenSwim","AquaAmenities_YouthLessons","AquaAmenities_AdultLessons","AquaAmenities_CompetitiveSwim","AquaAmenities_LifeguardTrain","AquaAmenities_Aerobics","AquaAmenities_SyncroSwim","AquaAmenities_SportsLeagues","AquaAmenities_SafetyTrain","AquaAmenities_Therapeutic","AquaAmenities_PartyRental","AquaAmenities_ParentChild","AquaAmenities_Sauna","AquaAmenities_HotTub","AquaAmenities_PublicShower","AquaAmenities_OutdoorPool","AquaAmenities_SplashPark","AquaAmenities_UsageRate","RecAmenities_AfterschoolCamps","RecAmenities_Preschool","RecAmenities_Childcare","RecAmenities_Playgroups","RecAmenities_FitnessClass","RecAmenities_PhysTherapy","RecAmenities_EventSpace","RecAmenities_WellnessClass","RecAmenities_Kitchen","RecAmenities_Cafe","RecAmenities_Gym","RecAmenities_OutPickleball","RecAmenities_InPickleball","RecAmenities_RockClimb","RecAmenities_TeenFit","RecAmenities_TeenCenter","RecAmenities_UsageRate","TaxSupport"
"1","IoCKXw1a","174.231.138.83","PARTIAL","Yes, I live here full-time","Port Townsend (outside the city limits)","75+","","","","","","","","2","Very important",NA,NA,NA,NA,NA,NA,NA,NA,NA,NA,NA,NA,NA,NA,NA,NA,NA,NA,NA,NA,NA,NA,NA,NA,NA,NA,NA,NA,NA,NA,2,NA,"No","","Don't use an aquatic facility","","","","","","","","","","","","","","","","","","","","","","","","","","","","","","","","","","","","",""
"2","G2CiTog4","104.28.116.131","PARTIAL","Yes, I live here full-time","Port Townsend (within city limits)","75+","","","","","","","","","",NA,NA,NA,NA,NA,NA,NA,NA,NA,NA,NA,NA,NA,NA,NA,NA,NA,NA,NA,NA,NA,NA,NA,NA,NA,NA,NA,NA,NA,NA,NA,NA,"","","","","","","","","","","","","","","","","","","","","","","","","","","","","","","","","","","","","","","",""
"3","YDCKapcH","146.75.136.236","PARTIAL","Yes, I live here full-time","Port Townsend (within city limits)","75+","","","","","","","","","",NA,NA,NA,NA,NA,NA,NA,NA,NA,NA,NA,NA,NA,NA,NA,NA,NA,NA,NA,NA,NA,NA,NA,NA,NA,NA,NA,NA,NA,NA,NA,NA,"","","","","","","","","","","","","","","","","","","","","","","","","","","","","","","","","","","","","","","",""
"4","2PfG2zZ5","209.180.132.170","PARTIAL","Yes, I live here full-time","Cape George","55-64","","","","","1","1","1","","Very important",NA,NA,NA,NA,NA,NA,NA,NA,NA,NA,NA,NA,NA,NA,NA,NA,NA,NA,NA,1,NA,NA,1,NA,NA,NA,NA,1,NA,NA,NA,NA,"Yes","Private/HOA pool (e.g. Port Ludlow, Cape George, Kala Point)","Several times a month","Very likely","","","Somewhat likely","Very likely","Not likely","Very likely","Not likely","Very likely","Somewhat likely","Very likely","Not likely","Not likely","Very likely","Very likely","Very likely","Very likely","Not likely","More than once a week","Not likely","Not likely","Not likely","Not likely","Very likely","Somewhat likely","Somewhat likely","Somewhat likely","Not likely","Somewhat likely","Not likely","Not likely","Not likely","Not likely","Not likely","Not likely","More than once a week","Yes"
"5","aXCiKFc4","104.28.116.133","PARTIAL","Yes, I live here full-time","","","","","","","","","","","",NA,NA,NA,NA,NA,NA,NA,NA,NA,NA,NA,NA,NA,NA,NA,NA,NA,NA,NA,NA,NA,NA,NA,NA,NA,NA,NA,NA,NA,NA,NA,NA,"","","","","","","","","","","","","","","","","","","","","","","","","","","","","","","","","","","","","","","",""
"6","lkfOSlMH","172.56.107.157","PARTIAL","Yes, I live here full-time","Port Townsend (within city limits)","35-54","","","","","","","","","",NA,NA,NA,NA,NA,NA,NA,NA,NA,NA,NA,NA,NA,NA,NA,NA,NA,NA,NA,NA,NA,NA,NA,NA,NA,NA,NA,NA,NA,NA,NA,NA,"","","","","","","","","","","","","","","","","","","","","","","","","","","","","","","","","","","","","","","",""
"7","1MDTyVyF","172.56.105.212","PARTIAL","Yes, I live here full-time","","","","","","","","","","","",NA,NA,NA,NA,NA,NA,NA,NA,NA,NA,NA,NA,NA,NA,NA,NA,NA,NA,NA,NA,NA,NA,NA,NA,NA,NA,NA,NA,NA,NA,NA,NA,"","","","","","","","","","","","","","","","","","","","","","","","","","","","","","","","","","","","","","","",""
"8","iEDToYxY","172.56.105.116","PARTIAL","Yes, I live here full-time","","","","","","","","","","","",NA,NA,NA,NA,NA,NA,NA,NA,NA,NA,NA,NA,NA,NA,NA,NA,NA,NA,NA,NA,NA,NA,NA,NA,NA,NA,NA,NA,NA,NA,NA,NA,"","","","","","","","","","","","","","","","","","","","","","","","","","","","","","","","","","","","","","","",""
"9","dEEBXT0w","172.56.108.119","PARTIAL","Yes, I live here part-time","","","","","","","","","","","",NA,NA,NA,NA,NA,NA,NA,NA,NA,NA,NA,NA,NA,NA,NA,NA,NA,NA,NA,NA,NA,NA,NA,NA,NA,NA,NA,NA,NA,NA,NA,NA,"","","","","","","","","","","","","","","","","","","","","","","","","","","","","","","","","","","","","","","",""
"10","nDEBDe9W","172.56.109.229","PARTIAL","Yes, I live here part-time","","","","","","","","","","","",NA,NA,NA,NA,NA,NA,NA,NA,NA,NA,NA,NA,NA,NA,NA,NA,NA,NA,NA,NA,NA,NA,NA,NA,NA,NA,NA,NA,NA,NA,NA,NA,"","","","","","","","","","","","","","","","","","","","","","","","","","","","","","","","","","","","","","","",""
"11","OZfLTOr5","172.56.241.35","PARTIAL","Yes, I live here part-time","Port Townsend (within city limits)","65-74","","","","One","","","Two","","Very important",NA,NA,NA,NA,NA,NA,NA,NA,NA,NA,NA,NA,NA,NA,1,NA,NA,NA,NA,NA,NA,NA,NA,NA,NA,NA,1,1,NA,NA,NA,NA,"Yes","","","","","","","","","","","","","","","","","","","","","","","","","","","","","","","","","","","","","","",""
"12","63fPOlnK","172.56.240.13","PARTIAL","Yes, I live here part-time","","","","","","","","","","","",NA,NA,NA,NA,NA,NA,NA,NA,NA,NA,NA,NA,NA,NA,NA,NA,NA,NA,NA,NA,NA,NA,NA,NA,NA,NA,NA,NA,NA,NA,NA,NA,"","","","","","","","","","","","","","","","","","","","","","","","","","","","","","","","","","","","","","","",""
"13","Sifbmlr7","172.56.241.147","PARTIAL","Yes, I live here part-time","","","","","","","","","","","",NA,NA,NA,NA,NA,NA,NA,NA,NA,NA,NA,NA,NA,NA,NA,NA,NA,NA,NA,NA,NA,NA,NA,NA,NA,NA,NA,NA,NA,NA,NA,NA,"","","","","","","","","","","","","","","","","","","","","","","","","","","","","","","","","","","","","","","",""
"14","77fpV8Oj","172.56.241.9","PARTIAL","Yes, I live here part-time","","","","","","","","","","","",NA,NA,NA,NA,NA,NA,NA,NA,NA,NA,NA,NA,NA,NA,NA,NA,NA,NA,NA,NA,NA,NA,NA,NA,NA,NA,NA,NA,NA,NA,NA,NA,"","","","","","","","","","","","","","","","","","","","","","","","","","","","","","","","","","","","","","","",""
"15","qQfqZlTi","172.56.240.177","PARTIAL","Yes, I live here part-time","","","","","","","","","","","",NA,NA,NA,NA,NA,NA,NA,NA,NA,NA,NA,NA,NA,NA,NA,NA,NA,NA,NA,NA,NA,NA,NA,NA,NA,NA,NA,NA,NA,NA,NA,NA,"","","","","","","","","","","","","","","","","","","","","","","","","","","","","","","","","","","","","","","",""
"16","Faf5Sia9","172.56.240.187","PARTIAL","Yes, I live here part-time","","","","","","","","","","","",NA,NA,NA,NA,NA,NA,NA,NA,NA,NA,NA,NA,NA,NA,NA,NA,NA,NA,NA,NA,NA,NA,NA,NA,NA,NA,NA,NA,NA,NA,NA,NA,"","","","","","","","","","","","","","","","","","","","","","","","","","","","","","","","","","","","","","","",""
"17","0CCYA8lN","104.28.116.100","PARTIAL","Yes, I live here full-time","Port Hadlock-Irondale","65-74","","","","","","","","","",NA,NA,NA,NA,NA,NA,NA,NA,NA,NA,NA,NA,NA,NA,NA,NA,NA,NA,NA,NA,NA,NA,NA,NA,NA,NA,NA,NA,NA,NA,NA,NA,"","","","","","","","","","","","","","","","","","","","","","","","","","","","","","","","","","","","","","","",""
"18","0yCYbAFE","172.56.109.122","PARTIAL","Yes, I live here full-time","Port Townsend (outside the city limits)","35-54","5","0","1","1","2","0","1","0","Very important",NA,NA,NA,NA,NA,NA,NA,NA,NA,1,NA,NA,NA,NA,1,NA,NA,NA,2,NA,NA,NA,NA,NA,NA,NA,1,NA,NA,NA,NA,NA,"Yes","Bainbridge Island","Less than once a month","Somewhat likely","Very likely","Not likely","Not likely","Not likely","Not likely","Very likely","Not likely","Not likely","Somewhat likely","Very likely","Not likely","Not likely","Very likely","Very likely","Very likely","Not likely","Not likely","Several times a month","Not likely","Not likely","Not likely","Not likely","Very likely","Very likely","Very likely","Very likely","Not likely","Very likely","Very likely","Not likely","Not likely","Very likely","Very likely","Very likely","Several times a month","Yes"
"19","VCCK50rS","24.113.165.74","PARTIAL","Yes, I live here full-time","Port Townsend (within city limits)","35-54","","","","","","","","","",NA,NA,NA,NA,NA,NA,NA,NA,NA,NA,NA,NA,NA,NA,NA,NA,NA,NA,NA,NA,NA,NA,NA,NA,NA,NA,NA,NA,NA,NA,NA,NA,"","","","","","","","","","","","","","","","","","","","","","","","","","","","","","","","","","","","","","","",""
"20","WvCYh9GX","208.70.151.122","PARTIAL","Yes, I live here full-time","Discovery Bay","75+","","","","","","","","1","Very important",NA,NA,NA,NA,NA,NA,NA,NA,NA,NA,NA,NA,NA,NA,NA,NA,NA,NA,NA,NA,NA,NA,NA,NA,NA,NA,NA,NA,NA,NA,NA,5,"No","","Don't use an aquatic facility","","","","","","","","","","","","","","","","","","","","","","","","","","","","","","","","","","","","",""
"21","ibf0gdoG","172.56.108.42","PARTIAL","Yes, I live here full-time","Port Townsend (within city limits)","35-54","","1","","","2","","","","Very important",NA,NA,NA,NA,NA,1,NA,NA,NA,NA,NA,NA,NA,NA,NA,NA,NA,NA,NA,2,NA,NA,NA,NA,NA,NA,NA,NA,NA,NA,NA,NA,"Yes","Port Angeles SHORE Aquatic Center,Port Townsend Y/Mountain View Pool","","","","","","","","","","","","","","","","","","","","","","","","","","","","","","","","","","","","","",""
"22","GKff6LRu","172.56.108.148","PARTIAL","Yes, I live here full-time","Port Townsend (within city limits)","","","","","","","","","","",NA,NA,NA,NA,NA,NA,NA,NA,NA,NA,NA,NA,NA,NA,NA,NA,NA,NA,NA,NA,NA,NA,NA,NA,NA,NA,NA,NA,NA,NA,NA,NA,"","","","","","","","","","","","","","","","","","","","","","","","","","","","","","","","","","","","","","","",""
"23","18fhzETJ","87.118.116.90","PARTIAL","Yes, I live here full-time","Port Townsend (within city limits)","55-64","","","","","","1","1","","Not important",NA,NA,NA,NA,NA,NA,NA,NA,NA,NA,NA,NA,NA,NA,NA,NA,NA,NA,NA,NA,NA,NA,1,NA,NA,NA,1,NA,NA,NA,NA,NA,"No","","Don't use an aquatic facility","Not likely","Not likely","Not likely","Not likely","Not likely","Not likely","Not likely","Not likely","Not likely","Not likely","Not likely","Not likely","Not likely","Not likely","Not likely","Not likely","Not likely","Not likely","Never","Not likely","Not likely","Not likely","Not likely","Not likely","Not likely","Not likely","Not likely","Not likely","Not likely","Not likely","Not likely","Not likely","Not likely","Not likely","Not likely","Never","No"
"24","Qef5fLEG","195.176.3.24","PARTIAL","Yes, I live here full-time","Coyle","55-64","","","","","1","2","","","Not important",NA,NA,NA,NA,NA,NA,NA,NA,NA,NA,NA,NA,NA,NA,NA,NA,NA,NA,NA,1,NA,NA,2,NA,NA,NA,NA,NA,NA,NA,NA,NA,"No","","Don't use an aquatic facility","Not likely","Not likely","Not likely","Not likely","Not likely","Not likely","Not likely","Not likely","Not likely","Not likely","Not likely","Not likely","Not likely","Not likely","Not likely","Not likely","Not likely","Not likely","Never","Not likely","Not likely","Not likely","Not likely","Not likely","Not likely","Not likely","Not likely","Not likely","Not likely","Not likely","Not likely","Not likely","Not likely","Not likely","Not likely","Never","No"
"25","nDCKFOw9","24.113.165.50","PARTIAL","Yes, I live here full-time","Kala Point","65-74","","","","","","","","","",NA,NA,NA,NA,NA,NA,NA,NA,NA,NA,NA,NA,NA,NA,NA,NA,NA,NA,NA,NA,NA,NA,NA,NA,NA,NA,NA,NA,NA,NA,NA,NA,"","","","","","","","","","","","","","","","","","","","","","","","","","","","","","","","","","","","","","","",""
"26","3lB60b2N","98.97.43.8","PARTIAL","Yes, I live here full-time","Quilcene","35-54","","3","2","","","2","","","Not important",NA,NA,NA,NA,NA,NA,NA,NA,NA,NA,NA,NA,NA,NA,NA,NA,NA,NA,NA,NA,NA,NA,NA,NA,NA,NA,NA,NA,NA,NA,NA,NA,"","","","","","","","","","","","","","","","","","","","","","","","","","","","","","","","","","","","","","","",""
"27","b5Ci5scM","107.122.81.17","PARTIAL","Yes, I live here full-time","Brinnon","65-74","2","","1","","3","","","","Somewhat important",NA,NA,NA,NA,NA,NA,NA,NA,NA,NA,NA,NA,NA,NA,NA,NA,NA,NA,NA,NA,NA,NA,NA,NA,NA,NA,NA,NA,NA,NA,NA,NA,"","","","","","","","","","","","","","","","","","","","","","","","","","","","","","","","","","","","","","","",""
"28","0IC49w8x","172.58.132.41","PARTIAL","Yes, I live here full-time","Port Townsend (within city limits)","55-64","","","","","","2","","","Somewhat important",NA,NA,NA,NA,NA,NA,NA,NA,NA,NA,NA,NA,NA,NA,NA,NA,NA,NA,NA,NA,NA,NA,NA,2,NA,NA,NA,NA,NA,NA,NA,NA,"No","","Don't use an aquatic facility","Somewhat likely","Not likely","Not likely","Not likely","Not likely","Somewhat likely","Somewhat likely","Not likely","Not likely","Somewhat likely","Somewhat likely","Not likely","Not likely","Somewhat likely","Not likely","Not likely","Not likely","Not likely","Several times a month","Not likely","Not likely","Not likely","Not likely","Not likely","Not likely","Not likely","Not likely","Not likely","Not likely","Not likely","Not likely","Not likely","Somewhat likely","Not likely","Not likely","",""
"29","elfRxUYm","107.77.205.187","PARTIAL","Yes, I live here full-time","Port Townsend (within city limits)","35-54","","","","","","","","","",NA,NA,NA,NA,NA,NA,NA,NA,NA,NA,NA,NA,NA,NA,NA,NA,NA,NA,NA,NA,NA,NA,NA,NA,NA,NA,NA,NA,NA,NA,NA,NA,"","","","","","","","","","","","","","","","","","","","","","","","","","","","","","","","","","","","","","","",""
"30","xlfi3tSd","174.231.131.64","PARTIAL","Yes, I live here full-time","Port Hadlock-Irondale","35-54","1","1","","","2","","","","Very important",NA,1,NA,NA,NA,NA,NA,NA,NA,NA,NA,NA,NA,NA,NA,NA,NA,NA,2,NA,NA,NA,NA,NA,NA,NA,NA,NA,NA,NA,NA,NA,"Yes","Port Angeles SHORE Aquatic Center,Port Townsend Y/Mountain View Pool,Bainbridge Island","Less than once a month","Very likely","Very likely","Very likely","Very likely","Very likely","Very likely","Very likely","Somewhat likely","Very likely","Very likely","Very likely","Very likely","Very likely","Very likely","Very likely","Very likely","Very likely","Very likely","More than once a week","Very likely","Somewhat likely","Very likely","Very likely","Very likely","Very likely","Very likely","Very likely","Very likely","Very likely","Very likely","Not likely","Not likely","Very likely","Very likely","Very likely","More than once a week","Yes"
"31","WMfGIkt4","172.56.107.44","PARTIAL","Yes, I live here full-time","Port Townsend (within city limits)","75+","","","","","","","1","1","Somewhat important",NA,NA,NA,NA,NA,NA,NA,NA,NA,NA,NA,NA,NA,NA,NA,NA,NA,NA,NA,NA,NA,NA,NA,NA,NA,NA,1,NA,NA,NA,1,NA,"No","","Don't use an aquatic facility","","","","","","","","","","","","","","","","","","","","","","","","","","","","","","","","","","","","",""
"32","NiDTqvPg","24.113.130.74","PARTIAL","Yes, I live here full-time","Port Townsend (within city limits)","55-64","","","","","","2","","","Not important",NA,NA,NA,NA,NA,NA,NA,NA,NA,NA,NA,NA,NA,NA,NA,NA,NA,NA,NA,NA,NA,NA,2,NA,NA,NA,NA,NA,NA,NA,NA,NA,"No","","Don't use an aquatic facility","Somewhat likely","Somewhat likely","","","","","Somewhat likely","","","","Somewhat likely","","","Somewhat likely","Somewhat likely","","Not likely","Not likely","","","","","","","","","","","","","","","","","","",""
"33","ZyCi7nrM","65.102.114.149","PARTIAL","Yes, I live here full-time","Chimacum","65-74","0","0","0","0","1","","1","0","No opinion/more information needed",NA,NA,NA,NA,NA,NA,NA,NA,NA,NA,NA,NA,NA,NA,NA,NA,NA,NA,NA,NA,NA,NA,NA,NA,NA,NA,NA,NA,NA,NA,NA,NA,"","","","","","","","","","","","","","","","","","","","","","","","","","","","","","","","","","","","","","","",""
"34","vYkZw2MT","107.115.213.10","PARTIAL","Yes, I live here full-time","Port Hadlock-Irondale","18-34","2","1","0","2","0","0","0","0","Very important",NA,NA,NA,NA,NA,NA,NA,NA,NA,NA,NA,NA,NA,NA,NA,NA,NA,NA,NA,NA,NA,NA,NA,NA,NA,NA,NA,NA,NA,NA,NA,NA,"Yes","","","","","","","","","","","","","","","","","","","","","","","","","","","","","","","","","","","","","","",""
"35","iKCiExSv","24.113.162.75","PARTIAL","Yes, I live here full-time","Quilcene","65-74","","","","","","","2","","Not important",NA,NA,NA,NA,NA,NA,NA,NA,NA,NA,NA,NA,NA,NA,NA,NA,NA,NA,NA,NA,NA,NA,NA,NA,NA,NA,2,NA,NA,NA,NA,NA,"No","","Don't use an aquatic facility","","","","","","","","","","","","","","","","","","","Never","","","","","","","","","","","","","","","","","Never",""
"36","UvB6xQHP","104.28.116.133","PARTIAL","Yes, I live here full-time","Port Townsend (within city limits)","55-64","","","","2","","2","","","Very important",NA,NA,NA,NA,NA,NA,NA,NA,NA,NA,NA,NA,NA,NA,1,1,NA,NA,NA,NA,NA,NA,1,1,NA,NA,NA,NA,NA,NA,NA,NA,"Yes","Port Angeles SHORE Aquatic Center,Sequim Y,Port Townsend Y/Mountain View Pool,Bainbridge Island,Olympic Aquatic Center - Bremerton","Several times a month","Very likely","Somewhat likely","Not likely","Not likely","Somewhat likely","Not likely","Very likely","Not likely","Somewhat likely","Very likely","Very likely","Somewhat likely","Not likely","Not likely","Very likely","Very likely","Not likely","Somewhat likely","Less than once a month","Not likely","Not likely","Not likely","Not likely","Somewhat likely","Somewhat likely","Not likely","Somewhat likely","Not likely","Not likely","Somewhat likely","Not likely","Not likely","Not likely","Not likely","Not likely","Never","No"
"37","MbB6Ff3t","24.113.158.243","PARTIAL","Yes, I live here full-time","Port Townsend (outside the city limits)","75+","2","","","","","","","","Somewhat important",NA,NA,2,NA,NA,NA,NA,NA,NA,NA,NA,NA,NA,NA,NA,NA,NA,NA,NA,NA,NA,NA,NA,NA,NA,NA,NA,NA,NA,NA,NA,NA,"No","","Don't use an aquatic facility","","","","","","","","","","","","","","","","","","","","","","","","","","","","","","","","","","","","",""
"38","7WB6bSMr","24.113.131.91","PARTIAL","Yes, I live here full-time","Port Townsend (within city limits)","35-54","2","","","","2","","","","Very important",NA,2,NA,NA,NA,NA,NA,NA,NA,NA,NA,NA,NA,NA,NA,NA,NA,NA,2,NA,NA,NA,NA,NA,NA,NA,NA,NA,NA,NA,NA,NA,"Yes","Port Angeles SHORE Aquatic Center,Port Townsend Y/Mountain View Pool","","","","","","","","","","","","","","","","","","","","","","","","","","","","","","","","","","","","","",""
"39","AJC4gO1m","172.226.3.176","PARTIAL","Yes, I live here full-time","Port Townsend (within city limits)","65-74","","","","","","","","","",NA,NA,NA,NA,NA,NA,NA,NA,NA,NA,NA,NA,NA,NA,NA,NA,NA,NA,NA,NA,NA,NA,NA,NA,NA,NA,NA,NA,NA,NA,NA,NA,"","","","","","","","","","","","","","","","","","","","","","","","","","","","","","","","","","","","","","","",""
"40","KVEBdpic","172.226.2.124","PARTIAL","Yes, I live here full-time","Port Townsend (within city limits)","65-74","","","","","","","2","","Very important",NA,NA,NA,NA,NA,NA,NA,NA,NA,NA,NA,NA,NA,NA,NA,NA,NA,NA,NA,NA,NA,NA,NA,NA,NA,NA,1,1,NA,NA,NA,NA,"Yes","Port Townsend Y/Mountain View Pool","Less than once a month","Very likely","","","","","","Somewhat likely","","","","","","","","","","","","Several times a month","","","","","Somewhat likely","Somewhat likely","","Somewhat likely","","","","","","","","","",""
"41","2afoKf07","24.113.156.75","PARTIAL","Yes, I live here full-time","Cape George","75+","","","","","","","","1","Not important",NA,NA,NA,NA,NA,NA,NA,NA,NA,NA,NA,NA,NA,NA,NA,NA,NA,NA,NA,NA,NA,NA,NA,NA,NA,NA,NA,NA,NA,NA,1,NA,"No","","Don't use an aquatic facility","Not likely","Not likely","Not likely","Not likely","Not likely","Not likely","Not likely","Not likely","Not likely","Not likely","Not likely","Not likely","Not likely","Not likely","Not likely","Not likely","Not likely","Not likely","Never","","","","","","","","","","","","","","","","","",""
"42","plCYtQ0h","216.122.13.116","PARTIAL","Yes, I live here full-time","","","","","","","","","","","",NA,NA,NA,NA,NA,NA,NA,NA,NA,NA,NA,NA,NA,NA,NA,NA,NA,NA,NA,NA,NA,NA,NA,NA,NA,NA,NA,NA,NA,NA,NA,NA,"","","","","","","","","","","","","","","","","","","","","","","","","","","","","","","","","","","","","","","",""
"43","nlCKM67V","104.28.116.130","PARTIAL","Yes, I live here full-time","Port Townsend (within city limits)","75+","","","","","","","","2","",NA,NA,NA,NA,NA,NA,NA,NA,NA,NA,NA,NA,NA,NA,NA,NA,NA,NA,NA,NA,NA,NA,NA,NA,NA,NA,NA,NA,NA,NA,NA,NA,"","","","","","","","","","","","","","","","","","","","","","","","","","","","","","","","","","","","","","","",""
"44","oHB6SXjl","37.19.196.148","PARTIAL","Yes, I live here full-time","","","","","","","","","","","",NA,NA,NA,NA,NA,NA,NA,NA,NA,NA,NA,NA,NA,NA,NA,NA,NA,NA,NA,NA,NA,NA,NA,NA,NA,NA,NA,NA,NA,NA,NA,NA,"","","","","","","","","","","","","","","","","","","","","","","","","","","","","","","","","","","","","","","",""
"45","R6EBgGwv","24.113.164.118","PARTIAL","Yes, I live here full-time","Port Townsend (within city limits)","65-74","","","","","","","2","","Somewhat important",NA,NA,NA,NA,NA,NA,NA,NA,NA,NA,NA,NA,NA,NA,NA,NA,NA,NA,NA,NA,NA,NA,NA,NA,NA,NA,3,NA,NA,NA,NA,NA,"Yes","Silverdale Y,Port Townsend Y/Mountain View Pool","Several times a month","","","","","","","","","","","","","","","","","","","","","","","","","","","","","","","","","","","","",""
"46","LrDThfZq","185.216.231.66","PARTIAL","Yes, I live here full-time","Port Townsend (within city limits)","35-54","","","","","1","","","","Very important",NA,NA,NA,NA,NA,NA,NA,NA,NA,NA,NA,NA,NA,NA,NA,NA,1,NA,NA,NA,NA,NA,NA,NA,NA,NA,NA,NA,NA,NA,NA,NA,"No","","Don't use an aquatic facility","","","","","","","","","","","","","","","","","","","","","","","","","","","","","","","","","","","","",""
"47","16fkl5DZ","24.113.160.185","PARTIAL","Yes, I live here full-time","Port Townsend (within city limits)","75+","","","","","","","","1","Very important",NA,NA,NA,NA,NA,NA,NA,NA,NA,NA,NA,NA,NA,NA,NA,NA,NA,NA,NA,NA,NA,NA,NA,NA,NA,NA,NA,NA,NA,NA,NA,1,"No","","Don't use an aquatic facility","Not likely","Not likely","Not likely","Not likely","Not likely","Not likely","Not likely","Not likely","Not likely","Not likely","Not likely","Not likely","Not likely","Not likely","Not likely","Not likely","Not likely","Not likely","","","","","","","","","","","","","","","","","","",""
"48","96DTKAZ9","71.212.108.203","PARTIAL","Yes, I live here part-time","Coyle","35-54","","1","1","","2","","","","Not important",NA,NA,NA,NA,NA,NA,NA,NA,NA,NA,NA,NA,NA,NA,NA,NA,NA,NA,NA,NA,NA,NA,NA,NA,NA,NA,NA,NA,NA,NA,NA,NA,"Yes","Other (Please specify) - Hood Canal","Don't use an aquatic facility","Not likely","Not likely","Not likely","Not likely","Not likely","Not likely","Not likely","Not likely","Not likely","Not likely","Not likely","Not likely","Not likely","Not likely","Not likely","Not likely","Not likely","Not likely","Never","Not likely","Not likely","Not likely","Not likely","Not likely","Not likely","Not likely","Not likely","Not likely","Not likely","Not likely","Not likely","Not likely","Not likely","Not likely","Not likely","Never","I don't know/need more information"
"49","bfCY9orx","24.113.153.239","PARTIAL","Yes, I live here full-time","Port Townsend (within city limits)","35-54","","","","","1","","","","Very important",NA,NA,NA,NA,NA,NA,NA,NA,NA,NA,NA,NA,NA,NA,NA,NA,NA,NA,NA,1,NA,NA,NA,NA,NA,NA,NA,NA,NA,NA,NA,NA,"Yes","Port Townsend Y/Mountain View Pool,Other (Please specify) - When traveling","Less than once a month","","","","","","","","","","","","","","","","","","","Never","","","","","","","","","","","","","","","","","",""
"50","3xfWox7g","12.39.134.2","PARTIAL","Yes, I live here full-time","Port Hadlock-Irondale","65-74","","","","","","","1","","Very important",NA,NA,NA,NA,NA,NA,NA,NA,NA,NA,NA,NA,NA,NA,NA,NA,NA,NA,NA,NA,NA,NA,NA,NA,NA,NA,NA,NA,NA,NA,NA,NA,"","","","","","","","","","","","","","","","","","","","","","","","","","","","","","","","","","","","","","","",""
"51","m5Ci8CqF","172.56.106.89","PARTIAL","Yes, I live here full-time","Quilcene","35-54","1","","","","2","","","","Very important",1,NA,NA,NA,NA,NA,NA,NA,NA,NA,NA,NA,NA,NA,NA,NA,NA,NA,2,NA,NA,NA,NA,NA,NA,NA,NA,NA,NA,NA,NA,NA,"Yes","Port Angeles SHORE Aquatic Center","Less than once a month","Not likely","Very likely","Very likely","Not likely","Not likely","Not likely","Not likely","Not likely","Not likely","Somewhat likely","Very likely","Not likely","Very likely","Very likely","Very likely","Very likely","Somewhat likely","Very likely","Several times a month","Somewhat likely","Not likely","Somewhat likely","Very likely","Very likely","Somewhat likely","Somewhat likely","Somewhat likely","Very likely","Not likely","Very likely","Not likely","Not likely","Very likely","Very likely","Very likely","More than once a week","No"
"52","wrB669Dd","24.113.128.221","PARTIAL","Yes, I live here full-time","Port Ludlow","18-34","","","","","","","","","",NA,NA,NA,NA,NA,NA,NA,NA,NA,NA,NA,NA,NA,NA,NA,NA,NA,NA,NA,NA,NA,NA,NA,NA,NA,NA,NA,NA,NA,NA,NA,NA,"","","","","","","","","","","","","","","","","","","","","","","","","","","","","","","","","","","","","","","",""
"53","CqCYtVbP","75.172.47.205","PARTIAL","Yes, I live here full-time","Port Hadlock-Irondale","35-54","1","0","1","1","1","0","0","1","Very important",NA,NA,NA,NA,NA,NA,NA,NA,NA,NA,NA,NA,NA,NA,NA,NA,NA,NA,NA,NA,NA,NA,NA,NA,NA,NA,NA,NA,NA,NA,NA,NA,"","","","","","","","","","","","","","","","","","","","","","","","","","","","","","","","","","","","","","","",""
"54","uIDTjvpX","107.77.205.189","PARTIAL","Yes, I live here full-time","Port Hadlock-Irondale","35-54","","","","","2","","","","Very important",NA,NA,NA,NA,NA,NA,NA,NA,NA,NA,NA,NA,NA,NA,NA,NA,NA,NA,2,NA,NA,NA,NA,NA,NA,NA,NA,NA,NA,NA,NA,NA,"Yes","Other (Please specify) - mcminnamans","Less than once a month","","","","","","","","","","","","","","","","","","","","","","","","","","","","","","","","","","","","",""
"55","4oC4AQ4f","24.113.157.100","PARTIAL","Yes, I live here full-time","Port Townsend (within city limits)","35-54","","","","","2","","","","Somewhat important",NA,NA,NA,NA,NA,NA,NA,NA,NA,NA,NA,NA,NA,NA,NA,NA,1,NA,1,NA,NA,NA,NA,NA,NA,NA,NA,NA,NA,NA,NA,NA,"No","","Don't use an aquatic facility","","","","","","","","","","","","","","","","","","","","","","","","","","","","","","","","","","","","",""
"56","wVCYD4M2","24.113.13.33","PARTIAL","Yes, I live here full-time","Port Townsend (within city limits)","55-64","","","","","","1","1","","Very important",NA,NA,NA,NA,NA,NA,NA,NA,NA,NA,NA,NA,NA,NA,NA,NA,NA,NA,NA,NA,NA,NA,NA,1,NA,NA,NA,1,NA,NA,NA,NA,"No","","Several times a month","Very likely","Not likely","Not likely","Not likely","Not likely","Not likely","Somewhat likely","Not likely","Not likely","Somewhat likely","Somewhat likely","Not likely","Not likely","Very likely","Very likely","Very likely","Not likely","Not likely","More than once a week","Not likely","Not likely","Not likely","Not likely","Somewhat likely","Somewhat likely","Not likely","Not likely","Not likely","Not likely","Not likely","Not likely","Not likely","Not likely","Not likely","Not likely","Less than once a month","Yes"
"57","vLC4IKkz","75.172.127.184","PARTIAL","Yes, I live here full-time","","","","","","","","","","","",NA,NA,NA,NA,NA,NA,NA,NA,NA,NA,NA,NA,NA,NA,NA,NA,NA,NA,NA,NA,NA,NA,NA,NA,NA,NA,NA,NA,NA,NA,NA,NA,"","","","","","","","","","","","","","","","","","","","","","","","","","","","","","","","","","","","","","","",""
"58","hyCYb8Ul","24.113.167.87","PARTIAL","Yes, I live here full-time","Port Townsend (within city limits)","55-64","","","","","","1","1","","",NA,NA,NA,NA,NA,NA,NA,NA,NA,NA,NA,NA,NA,NA,NA,NA,NA,NA,NA,NA,NA,NA,NA,NA,NA,NA,NA,NA,NA,NA,NA,NA,"","","","","","","","","","","","","","","","","","","","","","","","","","","","","","","","","","","","","","","",""
"59","TYCYD2qK","97.113.166.148","PARTIAL","Yes, I live here full-time","Discovery Bay","18-34","0","0","0","1","0","2","0","0","Somewhat important",NA,NA,NA,NA,NA,NA,NA,NA,NA,NA,NA,NA,NA,NA,1,NA,NA,NA,NA,NA,NA,NA,2,NA,NA,NA,NA,NA,NA,NA,NA,NA,"No","","Don't use an aquatic facility","","","","","","","","","","","","","","","","","","","","","","","","","","","","","","","","","","","","",""
"60","7iCihtw6","24.113.172.241","PARTIAL","Yes, I live here full-time","Port Townsend (within city limits)","75+","","","","","","","","2","Not important",NA,NA,NA,NA,NA,NA,NA,NA,NA,NA,NA,NA,NA,NA,NA,NA,NA,NA,NA,NA,NA,NA,NA,NA,NA,NA,NA,NA,NA,NA,NA,NA,"","","","","","","","","","","","","","","","","","","","","","","","","","","","","","","","","","","","","","","",""
"61","vXfp5WEH","4.53.157.136","PARTIAL","Yes, I live here full-time","Port Townsend (within city limits)","55-64","0","O","O","O","O","1","1","O","Very important",NA,NA,NA,NA,NA,NA,NA,NA,NA,NA,NA,NA,NA,NA,NA,NA,NA,NA,NA,NA,NA,NA,1,NA,NA,NA,1,NA,NA,NA,NA,NA,"No","","Don't use an aquatic facility","","","","","","","","","","","","","","","","","","","","","","","","","","","","","","","","","","","","",""
"62","LjCYPvXx","198.99.101.241","PARTIAL","Yes, I live here full-time","Port Hadlock-Irondale","18-34","","","","","","","","","",NA,NA,NA,NA,NA,NA,NA,NA,NA,NA,NA,NA,NA,NA,NA,NA,NA,NA,NA,NA,NA,NA,NA,NA,NA,NA,NA,NA,NA,NA,NA,NA,"","","","","","","","","","","","","","","","","","","","","","","","","","","","","","","","","","","","","","","",""
"63","DIfh1OrR","24.113.162.106","PARTIAL","Yes, I live here full-time","Port Townsend (outside the city limits)","75+","","","","","","","","1","Not important",NA,NA,NA,NA,NA,NA,NA,NA,NA,NA,NA,NA,NA,NA,NA,NA,NA,NA,NA,NA,NA,NA,NA,NA,NA,NA,NA,NA,NA,NA,NA,1,"No","","Don't use an aquatic facility","Not likely","Not likely","Not likely","Not likely","Not likely","Not likely","Not likely","Not likely","Not likely","Not likely","Not likely","Not likely","Not likely","Not likely","Not likely","Not likely","Not likely","Not likely","Never","","","","","","","","","","","","","","","","","",""
"64","CQCYBRvP","24.113.175.87","PARTIAL","Yes, I live here full-time","Port Townsend (within city limits)","65-74","","","","","","","1","","No opinion/more information needed",NA,NA,NA,NA,NA,NA,NA,NA,NA,NA,NA,NA,NA,NA,NA,NA,NA,NA,NA,NA,NA,NA,NA,NA,NA,NA,1,NA,NA,NA,NA,NA,"Yes","Port Townsend Y/Mountain View Pool","More than once a week","Somewhat likely","Somewhat likely","Not likely","Not likely","Not likely","Not likely","Somewhat likely","Not likely","Not likely","Not likely","Very likely","Not likely","Not likely","Not likely","Not likely","Somewhat likely","Not likely","Not likely","More than once a week","Not likely","Not likely","Not likely","Not likely","Not likely","Somewhat likely","Not likely","Not likely","Not likely","Not likely","Not likely","Not likely","Not likely","Not likely","Not likely","Not likely","Never","Yes"
"65","PMEB0H1U","172.56.108.204","PARTIAL","Yes, I live here full-time","Port Townsend (within city limits)","35-54","0","0","0","0","1","0","0","0","Somewhat important",NA,NA,NA,NA,NA,NA,NA,NA,NA,NA,NA,NA,NA,NA,NA,NA,NA,NA,NA,NA,NA,NA,NA,NA,NA,NA,NA,NA,NA,NA,NA,NA,"","","","","","","","","","","","","","","","","","","","","","","","","","","","","","","","","","","","","","","",""
"66","B8CYxrgJ","172.58.112.68","PARTIAL","Yes, I live here full-time","Quilcene","65-74","","","","","","","2","","Somewhat important",NA,NA,NA,NA,NA,NA,NA,NA,NA,NA,NA,NA,NA,NA,NA,NA,NA,NA,NA,NA,NA,NA,NA,NA,NA,NA,NA,2,NA,NA,NA,NA,"No","","Don't use an aquatic facility","","","","","","","","","","","","","","","","","","","","","","","","","","","","","","","","","","","","",""
"67","CLB6wxBk","24.113.171.251","PARTIAL","Yes, I live here full-time","Port Townsend (within city limits)","65-74","2","","","","","","","","Very important",NA,NA,5,NA,NA,NA,NA,NA,NA,NA,NA,NA,NA,NA,NA,NA,NA,NA,NA,NA,NA,NA,NA,NA,NA,NA,NA,NA,NA,NA,NA,NA,"No","","Don't use an aquatic facility","","","","","","","","","","","","","","","","","","","","","","","","","","","","","","","","","","","","",""
"68","EWkaRMGf","98.97.45.210","PARTIAL","Yes, I live here full-time","Quilcene","55-64","","","","","","","","","",NA,NA,NA,NA,NA,NA,NA,NA,NA,NA,NA,NA,NA,NA,NA,NA,NA,NA,NA,NA,NA,NA,NA,NA,NA,NA,NA,NA,NA,NA,NA,NA,"","","","","","","","","","","","","","","","","","","","","","","","","","","","","","","","","","","","","","","",""
"69","1mCYFICp","166.199.8.51","PARTIAL","Yes, I live here full-time","","","","","","","","","","","",NA,NA,NA,NA,NA,NA,NA,NA,NA,NA,NA,NA,NA,NA,NA,NA,NA,NA,NA,NA,NA,NA,NA,NA,NA,NA,NA,NA,NA,NA,NA,NA,"","","","","","","","","","","","","","","","","","","","","","","","","","","","","","","","","","","","","","","",""
"70","BQfsUQwv","24.113.12.89","PARTIAL","Yes, I live here full-time","Port Townsend (within city limits)","65-74","","","","","","","2","","",NA,NA,NA,NA,NA,NA,NA,NA,NA,NA,NA,NA,NA,NA,NA,NA,NA,NA,NA,NA,NA,NA,NA,NA,NA,NA,NA,NA,NA,NA,NA,NA,"","","","","","","","","","","","","","","","","","","","","","","","","","","","","","","","","","","","","","","",""
"71","jfkLrw7w","24.113.168.151","PARTIAL","Yes, I live here full-time","Port Hadlock-Irondale","35-54","","","","","2","","","","Very important",NA,NA,NA,NA,NA,NA,NA,NA,NA,NA,NA,NA,NA,NA,NA,NA,NA,NA,2,NA,NA,NA,NA,NA,NA,NA,NA,NA,NA,NA,NA,NA,"Yes","Port Angeles SHORE Aquatic Center,Sequim Y","Less than once a month","","","","","","","","","","","","","","","","","","","","","","","","","","","","","","","","","","","","",""
"72","FpDTlMRK","98.97.41.7","PARTIAL","Yes, I live here full-time","Port Townsend (outside the city limits)","75+","","","","","","","","","Not important",NA,NA,NA,NA,NA,NA,NA,NA,NA,NA,NA,NA,NA,NA,NA,NA,NA,NA,NA,NA,NA,NA,NA,NA,NA,NA,NA,NA,NA,NA,NA,NA,"","","","","","","","","","","","","","","","","","","","","","Never","","","","","","","","","","","","","","","","","Never","No"
"73","B3kWzmmE","97.126.85.96","PARTIAL","Yes, I live here full-time","Marrowstone","35-54","3","2","2","","2","","","","Very important",NA,NA,NA,NA,NA,NA,NA,NA,NA,NA,NA,NA,NA,NA,NA,NA,NA,NA,NA,NA,NA,NA,NA,NA,NA,NA,NA,NA,NA,NA,NA,NA,"","","","","","","","","","","","","","","","","","","","","","","","","","","","","","","","","","","","","","","",""
"74","18B6Nn9V","172.56.107.72","PARTIAL","Yes, I live here full-time","Port Townsend (outside the city limits)","65-74","","","","","","","2","","Somewhat important",NA,NA,NA,NA,NA,NA,NA,NA,NA,NA,NA,NA,NA,NA,NA,NA,NA,NA,NA,NA,NA,NA,NA,NA,NA,NA,2,NA,NA,NA,NA,NA,"No","","Don't use an aquatic facility","Somewhat likely","Somewhat likely","Not likely","Not likely","Not likely","Not likely","Not likely","Not likely","Not likely","Not likely","Somewhat likely","Not likely","Somewhat likely","Somewhat likely","Somewhat likely","Not likely","Somewhat likely","Not likely","Less than once a month","Not likely","Not likely","Not likely","Not likely","Somewhat likely","Not likely","Somewhat likely","Not likely","Not likely","Not likely","Not likely","Not likely","Not likely","Not likely","Not likely","Not likely","",""
"75","fgDTTURK","98.97.33.222","PARTIAL","Yes, I live here full-time","Port Townsend (within city limits)","35-54","2","","","","2","","","","Very important",NA,2,NA,NA,NA,NA,NA,NA,NA,NA,NA,NA,NA,NA,NA,NA,NA,NA,NA,2,NA,NA,NA,NA,NA,NA,NA,NA,NA,NA,NA,NA,"Yes","Port Angeles SHORE Aquatic Center,Sequim Y","Several times a month","","","","","","","","","","","","","","","","","","","","","","","","","","","","","","","","","","","","",""
"76","JDDT3OEo","24.113.175.161","PARTIAL","Yes, I live here full-time","Port Townsend (outside the city limits)","65-74","","","","","","","2","","Somewhat important",NA,NA,NA,NA,NA,NA,NA,NA,NA,NA,NA,NA,NA,NA,NA,NA,NA,NA,NA,NA,NA,NA,NA,NA,NA,NA,2,NA,NA,NA,NA,NA,"No","","Don't use an aquatic facility","","","","","","","","","","","","","","","","","","","","","","","","","","","","","","","","","","","","",""
"77","mkC4VOSK","64.184.145.20","PARTIAL","Yes, I live here full-time","Port Townsend (within city limits)","35-54","","","","","1","","","","Not important",NA,NA,NA,NA,NA,NA,NA,NA,NA,NA,NA,NA,NA,NA,NA,NA,NA,NA,NA,NA,NA,NA,NA,NA,NA,NA,NA,NA,NA,NA,NA,NA,"","","","","","","","","","","","","","","","","","","","","","","","","","","","","","","","","","","","","","","",""
"78","m7DTtmgu","64.184.145.20","PARTIAL","Yes, I live here full-time","Port Townsend (within city limits)","35-54","","","","","2","","","","Somewhat important",NA,NA,NA,NA,NA,NA,NA,NA,NA,NA,NA,NA,NA,NA,NA,NA,NA,NA,2,NA,NA,NA,NA,NA,NA,NA,NA,NA,NA,NA,NA,NA,"Yes","Port Townsend Y/Mountain View Pool","Less than once a month","","","","","","","","","","","","","","","","","","","","","","","","","","","","","","","","","","","","",""
"79","gVDTh2gg","64.184.145.20","PARTIAL","Yes, I live here full-time","Port Townsend (within city limits)","55-64","","","","","","2","","","Very important",NA,NA,NA,NA,NA,NA,NA,NA,NA,NA,NA,NA,NA,NA,NA,NA,NA,NA,NA,NA,NA,NA,2,NA,NA,NA,NA,NA,NA,NA,NA,NA,"Yes","Port Angeles SHORE Aquatic Center,Sequim Y,Bainbridge Island,Private/HOA pool (e.g. Port Ludlow, Cape George, Kala Point)","Several times a month","Very likely","Very likely","Not likely","Not likely","Very likely","Not likely","Very likely","Not likely","Very likely","Very likely","Very likely","","","","Very likely","Very likely","Very likely","Very likely","","Not likely","Not likely","Not likely","Not likely","Very likely","Very likely","Very likely","Very likely","Not likely","Not likely","Very likely","Very likely","Very likely","Very likely","Very likely","Very likely","More than once a week","Yes"
"80","DbC49ILS","104.28.116.130","PARTIAL","Yes, I live here full-time","Port Townsend (outside the city limits)","65-74","","","","","","","2","","Very important",NA,NA,NA,NA,NA,NA,NA,NA,NA,NA,NA,NA,NA,NA,NA,NA,NA,NA,NA,NA,NA,NA,NA,NA,NA,NA,2,NA,NA,NA,NA,NA,"Yes","Port Angeles SHORE Aquatic Center,Port Townsend Y/Mountain View Pool","Less than once a month","Not likely","Somewhat likely","","Not likely","Not likely","Not likely","","Not likely","Not likely","Not likely","","Not likely","","Somewhat likely","Somewhat likely","Not likely","Not likely","","Less than once a month","","","","","","","","","","","","","","","","","Less than once a month","I don't know/need more information"
"81","nEk07L6j","172.56.107.111","PARTIAL","Yes, I live here full-time","Chimacum","35-54","","","","","","","","","",NA,NA,NA,NA,NA,NA,NA,NA,NA,NA,NA,NA,NA,NA,NA,NA,NA,NA,NA,NA,NA,NA,NA,NA,NA,NA,NA,NA,NA,NA,NA,NA,"","","","","","","","","","","","","","","","","","","","","","","","","","","","","","","","","","","","","","","",""
"82","05kYVVKo","64.184.145.20","PARTIAL","Yes, I live here full-time","Port Townsend (outside the city limits)","35-54","1","","2","","2","","","","Somewhat important",NA,1,NA,NA,NA,NA,NA,NA,NA,NA,2,NA,NA,NA,NA,NA,NA,NA,2,NA,NA,NA,NA,NA,NA,NA,NA,NA,NA,NA,NA,NA,"Yes","Private/HOA pool (e.g. Port Ludlow, Cape George, Kala Point)","Several times a month","","Very likely","","","","","","","","","","","","Very likely","Very likely","","","","Less than once a month","","","","","","","","","","","","","","","","","",""
"83","19B6uWA5","24.113.129.232","PARTIAL","Yes, I live here full-time","Port Ludlow","55-64","","","","","","","","","",NA,NA,NA,NA,NA,NA,NA,NA,NA,NA,NA,NA,NA,NA,NA,NA,NA,NA,NA,NA,NA,NA,NA,NA,NA,NA,NA,NA,NA,NA,NA,NA,"","","","","","","","","","","","","","","","","","","","","","","","","","","","","","","","","","","","","","","",""
"84","nGfAWYce","64.184.145.20","PARTIAL","Yes, I live here full-time","Port Townsend (within city limits)","55-64","","","","","","1","1","","Somewhat important",NA,NA,NA,NA,NA,NA,NA,NA,NA,NA,NA,NA,NA,NA,NA,NA,NA,NA,NA,NA,NA,NA,1,NA,1,NA,NA,NA,NA,NA,NA,NA,"No","","Don't use an aquatic facility","","","","","","","","","","","","","","","","","","","","","","","","","","","","","","","","","","","","",""
"85","4vCYmOTZ","174.227.33.179","PARTIAL","Yes, I live here full-time","Port Townsend (outside the city limits)","65-74","","","","","","","2","","Very important",NA,NA,NA,NA,NA,NA,NA,NA,NA,NA,NA,NA,NA,NA,NA,NA,NA,NA,NA,NA,NA,NA,NA,NA,NA,NA,NA,NA,NA,NA,NA,NA,"","","","","","","","","","","","","","","","","","","","","","","","","","","","","","","","","","","","","","","",""
"86","kMC4MSVb","97.126.102.108","PARTIAL","Yes, I live here full-time","Port Townsend (within city limits)","65-74","","","","","","","","","",NA,NA,NA,NA,NA,NA,NA,NA,NA,NA,NA,NA,NA,NA,NA,NA,NA,NA,NA,NA,NA,NA,NA,NA,NA,NA,NA,NA,NA,NA,NA,NA,"","","","","","","","","","","","","","","","","","","","","","","","","","","","","","","","","","","","","","","",""
"87","b8CiQ5AU","24.113.148.94","PARTIAL","Yes, I live here full-time","Port Townsend (within city limits)","35-54","0","1","1","0","2","0","0","0","Very important",NA,NA,NA,NA,NA,NA,1,NA,NA,NA,1,NA,NA,NA,NA,NA,NA,NA,2,NA,NA,NA,NA,NA,NA,NA,NA,NA,NA,NA,NA,NA,"Yes","Port Angeles SHORE Aquatic Center,Silverdale Y,Port Townsend Y/Mountain View Pool","More than once a week","Somewhat likely","Very likely","Somewhat likely","Not likely","Very likely","Somewhat likely","Not likely","Not likely","Somewhat likely","Somewhat likely","Somewhat likely","Very likely","Not likely","Very likely","Very likely","Not likely","Somewhat likely","Very likely","Several times a month","Very likely","Very likely","Very likely","Somewhat likely","Very likely","Not likely","Somewhat likely","Not likely","Somewhat likely","Not likely","Somewhat likely","Not likely","Not likely","Somewhat likely","Very likely","Very likely","Several times a month","Yes"
"88","aXfqDG3V","24.113.149.55","PARTIAL","Yes, I live here full-time","Port Townsend (within city limits)","","","","","","","","","","",NA,NA,NA,NA,NA,NA,NA,NA,NA,NA,NA,NA,NA,NA,NA,NA,NA,NA,NA,NA,NA,NA,NA,NA,NA,NA,NA,NA,NA,NA,NA,NA,"","","","","","","","","","","","","","","","","","","","","","","","","","","","","","","","","","","","","","","",""
"89","JQC4xRIP","64.146.218.15","PARTIAL","Yes, I live here full-time","Brinnon","18-34","","","","2","","","","","Very important",NA,NA,NA,NA,NA,NA,NA,NA,NA,NA,NA,NA,NA,1,1,NA,NA,NA,NA,NA,NA,NA,NA,NA,NA,NA,NA,NA,NA,NA,NA,NA,"No","","Don't use an aquatic facility","Somewhat likely","Somewhat likely","Somewhat likely","Somewhat likely","","","","","","","","","","","","","","","Less than once a month","","","","","","","","","","","","","","","","","",""
"90","bKC4wpxG","64.146.218.15","PARTIAL","Yes, I live here full-time","Port Townsend (outside the city limits)","35-54","","","","","","","","","",NA,NA,NA,NA,NA,NA,NA,NA,NA,NA,NA,NA,NA,NA,NA,NA,NA,NA,NA,NA,NA,NA,NA,NA,NA,NA,NA,NA,NA,NA,NA,NA,"","","","","","","","","","","","","","","","","","","","","","","","","","","","","","","","","","","","","","","",""
"91","bdDTfvrM","24.113.130.63","PARTIAL","Yes, I live here full-time","Port Townsend (within city limits)","35-54","","","","","1","","","","",NA,NA,NA,NA,NA,NA,NA,NA,NA,NA,NA,NA,NA,NA,NA,NA,NA,NA,NA,NA,NA,NA,NA,NA,NA,NA,NA,NA,NA,NA,NA,NA,"","","","","","","","","","","","","","","","","","","","","","","","","","","","","","","","","","","","","","","",""
"92","StfFfwil","24.113.174.117","PARTIAL","Yes, I live here full-time","Port Townsend (within city limits)","65-74","","","","","","","1","","",NA,NA,NA,NA,NA,NA,NA,NA,NA,NA,NA,NA,NA,NA,NA,NA,NA,NA,NA,NA,NA,NA,NA,NA,NA,NA,NA,NA,NA,NA,NA,NA,"","","","","","","","","","","","","","","","","","","","","","","","","","","","","","","","","","","","","","","",""
"93","YNfB7bH5","24.113.172.21","PARTIAL","Yes, I live here full-time","Port Townsend (within city limits)","75+","","","","","","","1","1","Somewhat important",NA,NA,NA,NA,NA,NA,NA,NA,NA,NA,NA,NA,NA,NA,NA,NA,NA,NA,NA,NA,NA,NA,NA,NA,NA,NA,1,NA,NA,NA,1,NA,"Yes","Port Townsend Y/Mountain View Pool","Several times a month","","","","","","","","","","","","","","","","","","","","","","","","","","","","","","","","","","","","",""
"94","T2CYwrxn","98.97.42.93","PARTIAL","Yes, I live here part-time","Quilcene","55-64","","","","","","","","","",NA,NA,NA,NA,NA,NA,NA,NA,NA,NA,NA,NA,NA,NA,NA,NA,NA,NA,NA,NA,NA,NA,NA,NA,NA,NA,NA,NA,NA,NA,NA,NA,"","","","","","","","","","","","","","","","","","","","","","","","","","","","","","","","","","","","","","","",""
"95","46C4RnSW","24.113.164.247","PARTIAL","Yes, I live here full-time","Port Townsend (within city limits)","65-74","","","","","","","2","","Very important",NA,NA,NA,NA,NA,NA,NA,NA,NA,NA,NA,NA,NA,NA,NA,NA,NA,NA,NA,NA,NA,NA,NA,NA,1,NA,1,NA,NA,NA,NA,NA,"No","","Don't use an aquatic facility","","","","","","","","","","","","","","","","","","","","","","","","","","","","","","","","","","","","",""
"96","W3CKRi57","174.204.68.91","PARTIAL","Yes, I live here full-time","Chimacum","18-34","","","","","","","","","",NA,NA,NA,NA,NA,NA,NA,NA,NA,NA,NA,NA,NA,NA,NA,NA,NA,NA,NA,NA,NA,NA,NA,NA,NA,NA,NA,NA,NA,NA,NA,NA,"","","","","","","","","","","","","","","","","","","","","","","","","","","","","","","","","","","","","","","",""
"97","3JkZziTB","24.113.166.137","PARTIAL","Yes, I live here full-time","Port Ludlow","65-74","","","","","","","1","1","Somewhat important",NA,NA,NA,NA,NA,NA,NA,NA,NA,NA,NA,NA,NA,NA,NA,NA,NA,NA,NA,NA,NA,NA,NA,NA,NA,NA,NA,NA,NA,NA,NA,NA,"","","","","","","","","","","","","","","","","","","","","","","","","","","","","","","","","","","","","","","",""
"98","WufIa78z","24.113.12.89","PARTIAL","Yes, I live here full-time","","","","","","","","","","","",NA,NA,NA,NA,NA,NA,NA,NA,NA,NA,NA,NA,NA,NA,NA,NA,NA,NA,NA,NA,NA,NA,NA,NA,NA,NA,NA,NA,NA,NA,NA,NA,"","","","","","","","","","","","","","","","","","","","","","","","","","","","","","","","","","","","","","","",""
"99","4MC4cft9","174.21.137.204","PARTIAL","Yes, I live here full-time","Port Townsend (within city limits)","55-64","","","","","","2","","","",NA,NA,NA,NA,NA,NA,NA,NA,NA,NA,NA,NA,NA,NA,NA,NA,NA,NA,NA,NA,NA,NA,2,NA,NA,NA,NA,NA,NA,NA,NA,NA,"No","","","","","","","","","","","","","","","","","","","","","","","","","","","","","","","","","","","","","","",""
"100","jokrlsxz","64.184.145.7","PARTIAL","Yes, I live here full-time","Quilcene","18-34","","","","2","","","","","Somewhat important",NA,NA,NA,NA,NA,NA,NA,NA,NA,NA,NA,NA,NA,NA,2,NA,NA,NA,NA,NA,NA,NA,NA,NA,NA,NA,NA,NA,NA,NA,NA,NA,"No","","Don't use an aquatic facility","","","","","","","","","","","","","","","","","","","","","","","","","","","","","","","","","","","","",""
"101","cyfusTGx","97.113.189.10","PARTIAL","Yes, I live here full-time","Port Townsend (outside the city limits)","55-64","2","","","","","","","","No opinion/more information needed",NA,NA,1,1,NA,NA,NA,NA,NA,NA,NA,NA,NA,NA,NA,NA,NA,NA,NA,NA,NA,NA,NA,NA,NA,NA,NA,NA,NA,NA,NA,NA,"No","","Don't use an aquatic facility","Not likely","Somewhat likely","Not likely","Not likely","Not likely","Not likely","Not likely","Not likely","Not likely","Not likely","Not likely","Not likely","Not likely","Not likely","Not likely","Not likely","Not likely","Not likely","Less than once a month","Not likely","Not likely","Not likely","Not likely","Not likely","Not likely","Not likely","Not likely","Not likely","Not likely","Not likely","Not likely","Not likely","Not likely","Not likely","Not likely","Never","No"
"102","5KEBx5zs","209.166.87.82","PARTIAL","Yes, I live here full-time","Marrowstone","75+","","","","","","","","2","Very important",NA,NA,NA,NA,NA,NA,NA,NA,NA,NA,NA,NA,NA,NA,NA,NA,NA,NA,NA,NA,NA,NA,NA,NA,NA,NA,NA,NA,NA,1,1,NA,"No","","Don't use an aquatic facility","Not likely","Not likely","Not likely","Somewhat likely","Not likely","Not likely","Very likely","Not likely","Not likely","Not likely","Very likely","Not likely","Not likely","Somewhat likely","Somewhat likely","Somewhat likely","Not likely","Not likely","Several times a month","Not likely","Not likely","Not likely","Not likely","Somewhat likely","Very likely","Not likely","Very likely","Not likely","Very likely","Not likely","Not likely","Not likely","Not likely","Not likely","Not likely","Several times a month","Yes"
"103","J3DT6R9s","24.113.146.83","PARTIAL","Yes, I live here full-time","Port Townsend (within city limits)","75+","","","","","","","","1","Not important",NA,NA,NA,NA,NA,NA,NA,NA,NA,NA,NA,NA,NA,NA,NA,NA,NA,NA,NA,NA,NA,NA,NA,NA,NA,NA,NA,NA,NA,NA,1,NA,"No","","Don't use an aquatic facility","Not likely","Not likely","Not likely","Not likely","Not likely","Not likely","Somewhat likely","Not likely","Not likely","Not likely","Somewhat likely","Not likely","Not likely","Somewhat likely","Not likely","Not likely","Not likely","Not likely","Less than once a month","Not likely","Not likely","Not likely","Not likely","Not likely","Not likely","Not likely","Not likely","Not likely","Not likely","Not likely","Not likely","Not likely","Not likely","Not likely","Not likely","Never",""
"104","VmEBPaq8","24.113.151.154","PARTIAL","Yes, I live here full-time","Port Townsend (within city limits)","55-64","0","0","0","0","0","2","0","0","Very important",NA,NA,NA,NA,NA,NA,NA,NA,NA,NA,NA,NA,NA,NA,NA,NA,NA,NA,NA,NA,NA,1,1,NA,NA,NA,NA,NA,NA,NA,NA,NA,"Yes","Other (Please specify) - Previous town out of state","Don't use an aquatic facility","Very likely","","","","","","Very likely","","","","","","","","","Somewhat likely","Not likely","Not likely","More than once a week","","","","","","","","","","","","","","","","","",""
"105","0tkWpybp","104.28.116.131","PARTIAL","Yes, I live here full-time","Chimacum","65-74","2","","","","","","1","1","Somewhat important",NA,NA,NA,NA,NA,NA,NA,NA,NA,NA,NA,NA,NA,NA,NA,NA,NA,NA,NA,NA,NA,NA,NA,NA,NA,NA,1,NA,NA,NA,1,NA,"Yes","Sequim Y","Less than once a month","Somewhat likely","","","","","","","","","Somewhat likely","","","","Very likely","Very likely","","Somewhat likely","","Several times a month","","","","","Somewhat likely","Somewhat likely","","","","Somewhat likely","","","","","","","More than once a week","Yes"
"106","HoCYdjAC","24.113.145.55","PARTIAL","Yes, I live here full-time","Port Townsend (within city limits)","55-64","0","O","O","O","O","1","1","0","Very important",NA,NA,NA,NA,NA,NA,NA,NA,NA,NA,NA,NA,NA,NA,NA,NA,NA,NA,NA,1,NA,NA,NA,1,NA,NA,NA,NA,NA,NA,NA,NA,"Yes","Port Townsend Y/Mountain View Pool","Less than once a month","","","","","","","","","","","","","","","","","","","Less than once a month","","","","","","","","","","","","","","","","","",""
"107","GYDTBNxh","24.113.157.158","PARTIAL","Yes, I live here full-time","Port Townsend (within city limits)","75+","","","","","","","","1","Very important",NA,NA,NA,NA,NA,NA,NA,NA,NA,NA,NA,NA,NA,NA,NA,NA,NA,NA,NA,NA,NA,NA,NA,NA,NA,NA,NA,NA,NA,NA,NA,NA,"I don't know","","","","Very likely","","Somewhat likely","","","Very likely","Very likely","Very likely","Very likely","Very likely","","","Very likely","Very likely","Very likely","Very likely","Very likely","","","","","","","","","","","","","","","","","","",""
"108","xTkdR3Hz","97.113.35.143","PARTIAL","Yes, I live here full-time","Marrowstone","35-54","1","3","3","","2","","","","No opinion/more information needed",NA,NA,NA,NA,NA,NA,NA,NA,NA,NA,NA,NA,NA,NA,NA,NA,NA,NA,NA,NA,NA,NA,NA,NA,NA,NA,NA,NA,NA,NA,NA,NA,"","","","","","","","","","","","","","","","","","","","","","","","","","","","","","","","","","","","","","","",""
"109","JBDTip0F","172.56.107.228","PARTIAL","Yes, I live here full-time","Port Townsend (within city limits)","65-74","1","","","","","","","","Somewhat important",NA,NA,3,NA,NA,NA,NA,NA,NA,NA,NA,NA,NA,NA,NA,NA,NA,NA,NA,NA,NA,NA,NA,NA,NA,NA,NA,NA,NA,NA,NA,NA,"No","","Don't use an aquatic facility","Somewhat likely","Somewhat likely","Not likely","Not likely","Not likely","Not likely","Very likely","Somewhat likely","Not likely","Not likely","Very likely","Not likely","Not likely","Very likely","Very likely","Very likely","Not likely","Not likely","Several times a month","","","","","","","","","","","","","","","","","",""
"110","ezEBO8Ne","24.113.167.225","PARTIAL","Yes, I live here full-time","Port Townsend (within city limits)","18-34","0","0","0","1","0","0","0","0","Not important",NA,NA,NA,NA,NA,NA,NA,NA,NA,NA,NA,NA,1,NA,NA,NA,NA,NA,NA,NA,NA,NA,NA,NA,NA,NA,NA,NA,NA,NA,NA,NA,"No","","Don't use an aquatic facility","Not likely","Not likely","Not likely","Not likely","Not likely","Not likely","Not likely","Not likely","Not likely","Not likely","Not likely","Not likely","Not likely","Not likely","Not likely","Not likely","Not likely","Not likely","Never","Not likely","Not likely","Not likely","Not likely","Not likely","Not likely","Not likely","Not likely","Not likely","Not likely","Not likely","Not likely","Not likely","Very likely","Not likely","Not likely","Less than once a month","No"
"111","6KCiCuQY","172.56.104.190","PARTIAL","Yes, I live here full-time","Port Townsend (outside the city limits)","18-34","0","0","0","1","0","0","0","0","Somewhat important",NA,NA,NA,NA,NA,NA,NA,NA,NA,NA,NA,NA,NA,NA,1,NA,NA,NA,NA,NA,NA,NA,NA,NA,NA,NA,NA,NA,NA,NA,NA,NA,"No","","Don't use an aquatic facility","","","","","","","","","","","","","","","","","","","","","","","","","","","","","","","","","","","","",""
"112","TgB6u4vs","172.56.106.179","PARTIAL","Yes, I live here full-time","Port Ludlow","35-54","","","","","","","","","",NA,NA,NA,NA,NA,NA,NA,NA,NA,NA,NA,NA,NA,NA,NA,NA,NA,NA,NA,NA,NA,NA,NA,NA,NA,NA,NA,NA,NA,NA,NA,NA,"","","","","","","","","","","","","","","","","","","","","","","","","","","","","","","","","","","","","","","",""
"113","nwC4FrV4","24.113.162.245","PARTIAL","Yes, I live here full-time","","","","","","","","","","","",NA,NA,NA,NA,NA,NA,NA,NA,NA,NA,NA,NA,NA,NA,NA,NA,NA,NA,NA,NA,NA,NA,NA,NA,NA,NA,NA,NA,NA,NA,NA,NA,"","","","","","","","","","","","","","","","","","","","","","","","","","","","","","","","","","","","","","","",""
"114","IDB6ti7S","24.113.144.99","PARTIAL","Yes, I live here full-time","Port Ludlow","65-74","","","","","","","1","","Not important",NA,NA,NA,NA,NA,NA,NA,NA,NA,NA,NA,NA,NA,NA,NA,NA,NA,NA,NA,NA,NA,NA,NA,NA,NA,NA,1,NA,NA,NA,NA,NA,"No","","Don't use an aquatic facility","Not likely","Not likely","Not likely","Not likely","Not likely","Not likely","Not likely","Not likely","Not likely","Not likely","Not likely","Not likely","Not likely","Not likely","Not likely","Not likely","Not likely","Not likely","Never","Not likely","Not likely","Not likely","Not likely","Not likely","Not likely","Not likely","Not likely","Not likely","Not likely","Not likely","Not likely","Not likely","Not likely","Not likely","Not likely","Never","No"
"115","AoCiyqa4","24.113.161.158","PARTIAL","Yes, I live here full-time","Port Townsend (within city limits)","75+","","","","","","","","","",NA,NA,NA,NA,NA,NA,NA,NA,NA,NA,NA,NA,NA,NA,NA,NA,NA,NA,NA,NA,NA,NA,NA,NA,NA,NA,NA,NA,NA,NA,NA,NA,"","","","","","","","","","","","","","","","","","","","","","","","","","","","","","","","","","","","","","","",""
"116","XNf2isK9","73.96.2.25","PARTIAL","Yes, I live here part-time","Port Hadlock-Irondale","65-74","","","","","","","2","","",NA,NA,NA,NA,NA,NA,NA,NA,NA,NA,NA,NA,NA,NA,NA,NA,NA,NA,NA,NA,NA,NA,NA,NA,NA,NA,NA,NA,NA,NA,NA,NA,"Yes","Other (Please specify) - Portland Oregon","Several times a month","","","","","","","","","","","","","","","","","","","","","","","","","","","","","","","","","","","","",""
"117","iQkX3EJg","24.113.155.189","PARTIAL","Yes, I live here full-time","Port Townsend (within city limits)","35-54","","","2","","2","","","","Very important",NA,NA,NA,NA,NA,NA,NA,NA,NA,NA,NA,NA,NA,NA,NA,NA,NA,NA,NA,NA,NA,NA,NA,NA,NA,NA,NA,NA,NA,NA,NA,NA,"","","","","","","","","","","","","","","","","","","","","","","","","","","","","","","","","","","","","","","",""
"118","SMDTkN0M","169.204.230.226","PARTIAL","Yes, I live here full-time","Port Townsend (within city limits)","55-64","","","","1","","2","","","Somewhat important",NA,NA,NA,NA,NA,NA,NA,NA,NA,NA,NA,NA,NA,NA,NA,NA,NA,NA,NA,NA,NA,NA,3,NA,NA,NA,NA,NA,NA,NA,NA,NA,"No","","Don't use an aquatic facility","","","","","","","","","","","","","","","","","","","","","","","","","","","","","","","","","","","","",""
"119","ETCixbQ2","24.113.174.32","PARTIAL","Yes, I live here full-time","Port Hadlock-Irondale","65-74","","","","","","1","1","","Somewhat important",NA,NA,NA,NA,NA,NA,NA,NA,NA,NA,NA,NA,NA,NA,NA,NA,NA,NA,NA,NA,NA,NA,NA,NA,NA,NA,3,NA,NA,NA,NA,NA,"No","","Don't use an aquatic facility","","","","","","","","","","","","","","","","","","","","","","","","","","","","","","","","","","","","",""
"120","tPC4PYQT","24.113.175.232","PARTIAL","Yes, I live here full-time","Port Ludlow","75+","0","0","0","0","0","0","0","2","Not important",NA,NA,NA,NA,NA,NA,NA,NA,NA,NA,NA,NA,NA,NA,NA,NA,NA,NA,NA,NA,NA,NA,NA,NA,NA,NA,NA,NA,5,1,1,NA,"No","","Don't use an aquatic facility","Not likely","Not likely","Not likely","Not likely","Not likely","Not likely","Not likely","Not likely","Not likely","Not likely","Not likely","Not likely","Not likely","Not likely","Not likely","Not likely","Not likely","Not likely","Never","Not likely","Not likely","Not likely","Not likely","Not likely","Not likely","Not likely","Not likely","Not likely","Not likely","Not likely","Not likely","Not likely","Not likely","Not likely","Not likely","Never","No"
"121","MeCYpMHh","24.113.152.156","PARTIAL","Yes, I live here full-time","Kala Point","65-74","","","","","","","2","","Somewhat important",NA,NA,NA,NA,NA,NA,NA,NA,NA,NA,NA,NA,NA,NA,NA,NA,NA,NA,NA,NA,NA,NA,NA,NA,NA,NA,2,NA,NA,NA,NA,NA,"No","","Don't use an aquatic facility","Not likely","Not likely","Not likely","Not likely","Not likely","Not likely","Not likely","Not likely","Not likely","Not likely","Not likely","Not likely","Not likely","Not likely","Not likely","Not likely","Not likely","Not likely","Never","","","","","","","","","","","","","","","","","",""
"122","MaC4YPlM","24.113.149.112","PARTIAL","Yes, I live here full-time","","","","","","","","","","","",NA,NA,NA,NA,NA,NA,NA,NA,NA,NA,NA,NA,NA,NA,NA,NA,NA,NA,NA,NA,NA,NA,NA,NA,NA,NA,NA,NA,NA,NA,NA,NA,"","","","","","","","","","","","","","","","","","","","","","","","","","","","","","","","","","","","","","","",""
"123","u0kqJRIf","24.113.154.29","PARTIAL","Yes, I live here full-time","Port Townsend (within city limits)","35-54","","","","","","","","","",NA,NA,NA,NA,NA,NA,NA,NA,NA,NA,NA,NA,NA,NA,NA,NA,NA,NA,NA,NA,NA,NA,NA,NA,NA,NA,NA,NA,NA,NA,NA,NA,"","","","","","","","","","","","","","","","","","","","","","","","","","","","","","","","","","","","","","","",""
"124","PbCYqJVi","23.94.74.23","PARTIAL","Yes, I live here full-time","Port Hadlock-Irondale","65-74","","","","","","","","","",NA,NA,NA,NA,NA,NA,NA,NA,NA,NA,NA,NA,NA,NA,NA,NA,NA,NA,NA,NA,NA,NA,NA,NA,NA,NA,NA,NA,NA,NA,NA,NA,"","","","","","","","","","","","","","","","","","","","","","","","","","","","","","","","","","","","","","","",""
"125","z7C4i0vl","104.140.14.139","PARTIAL","Yes, I live here full-time","Quilcene","65-74","","","","","","","2","","Somewhat important",NA,NA,NA,NA,NA,NA,NA,NA,NA,NA,NA,NA,NA,NA,NA,NA,NA,NA,NA,NA,NA,NA,NA,NA,NA,NA,2,NA,NA,NA,NA,NA,"Yes","Other (Please specify) - Mountlake Terrace Pool","Several times a month","Somewhat likely","Very likely","Not likely","Not likely","Not likely","Not likely","Very likely","Not likely","Not likely","Not likely","Very likely","Not likely","Somewhat likely","Very likely","Very likely","Very likely","Not likely","Somewhat likely","Several times a month","Not likely","Not likely","Not likely","Not likely","Not likely","Somewhat likely","Not likely","Not likely","Not likely","Not likely","Not likely","Not likely","Not likely","Not likely","Not likely","Not likely","Several times a month","Yes"
"126","3qCiec3v","172.116.131.2","PARTIAL","Yes, I live here part-time","Port Ludlow","75+","","","","","","","","1","Very important",NA,NA,NA,NA,NA,NA,NA,NA,NA,NA,NA,NA,NA,NA,NA,NA,NA,NA,NA,NA,NA,NA,NA,NA,NA,NA,NA,NA,NA,NA,1,NA,"Yes","Private/HOA pool (e.g. Port Ludlow, Cape George, Kala Point)","Less than once a month","Not likely","Not likely","Not likely","Not likely","Not likely","Not likely","Somewhat likely","Not likely","Not likely","Somewhat likely","Somewhat likely","Not likely","Not likely","Not likely","Not likely","Not likely","Not likely","Not likely","Less than once a month","Not likely","Not likely","Not likely","Not likely","Somewhat likely","Somewhat likely","Not likely","Somewhat likely","Not likely","Not likely","Not likely","Not likely","Not likely","Not likely","Not likely","Not likely","Less than once a month",""
"127","83kTxut7","65.101.155.145","PARTIAL","Yes, I live here full-time","Port Townsend (within city limits)","75+","","","","","","","","","",NA,NA,NA,NA,NA,NA,NA,NA,NA,NA,NA,NA,NA,NA,NA,NA,NA,NA,NA,NA,NA,NA,NA,NA,NA,NA,NA,NA,NA,NA,NA,NA,"","","","","","","","","","","","","","","","","","","","","","","","","","","","","","","","","","","","","","","",""
"128","j0kceAjj","24.113.130.82","PARTIAL","Yes, I live here full-time","Port Townsend (within city limits)","35-54","1","","","1","1","","","","Not important",NA,NA,NA,NA,NA,NA,NA,NA,NA,NA,NA,NA,NA,NA,NA,NA,NA,NA,NA,NA,NA,NA,NA,NA,NA,NA,NA,NA,NA,NA,NA,NA,"","","","","","","","","","","","","","","","","","","","","","","","","","","","","","","","","","","","","","","",""
"129","Usk1xNZt","24.113.164.102","PARTIAL","Yes, I live here part-time","Port Ludlow","65-74","","","","","","","2","","No opinion/more information needed",NA,NA,NA,NA,NA,NA,NA,NA,NA,NA,NA,NA,NA,NA,NA,NA,NA,NA,NA,NA,NA,NA,NA,NA,NA,NA,1,1,NA,NA,NA,NA,"Yes","Private/HOA pool (e.g. Port Ludlow, Cape George, Kala Point)","Less than once a month","","","","","","","","","","","","","","","","","","","","","","","","","","","","","","","","","","","","",""
"130","9nkuoMJB","73.225.134.189","PARTIAL","Yes, I live here full-time","Quilcene","35-54","","1","1","","2","","","","Very important",NA,NA,NA,NA,NA,NA,1,NA,NA,NA,1,NA,NA,NA,NA,NA,NA,NA,2,NA,NA,NA,NA,NA,NA,NA,NA,NA,NA,NA,NA,NA,"Yes","Port Angeles SHORE Aquatic Center,Port Townsend Y/Mountain View Pool,Bainbridge Island,Private/HOA pool (e.g. Port Ludlow, Cape George, Kala Point)","Less than once a month","Somewhat likely","Very likely","Somewhat likely","Not likely","Somewhat likely","Somewhat likely","Not likely","Not likely","Somewhat likely","Somewhat likely","Somewhat likely","Somewhat likely","Not likely","Very likely","Very likely","Not likely","Very likely","Somewhat likely","Several times a month","Very likely","Not likely","Not likely","Not likely","Very likely","Somewhat likely","Somewhat likely","Somewhat likely","Somewhat likely","Very likely","Very likely","Somewhat likely","Somewhat likely","Very likely","Very likely","Very likely","Several times a month",""
"131","6ek1abrz","71.212.123.219","PARTIAL","Yes, I live here full-time","Port Townsend (within city limits)","65-74","","","","","","","1","","",NA,NA,NA,NA,NA,NA,NA,NA,NA,NA,NA,NA,NA,NA,NA,NA,NA,NA,NA,NA,NA,NA,NA,NA,NA,NA,NA,NA,NA,NA,NA,NA,"","","","","","","","","","","","","","","","","","","","","","","","","","","","","","","","","","","","","","","",""
"132","7BCKpz8k","174.204.67.236","PARTIAL","Yes, I live here full-time","Port Townsend (outside the city limits)","55-64","","","","","","2","","","Somewhat important",NA,NA,NA,NA,NA,NA,NA,NA,NA,NA,NA,NA,NA,NA,NA,NA,NA,NA,NA,NA,NA,NA,NA,2,NA,NA,NA,NA,NA,NA,NA,NA,"No","","Don't use an aquatic facility","Somewhat likely","","","","","","","","","","Very likely","","","","","","","","Several times a month","","","","","","Somewhat likely","","Somewhat likely","","","","","","","","","Several times a month","Yes"
"133","mIkh6czp","24.113.160.124","PARTIAL","Yes, I live here full-time","Port Townsend (within city limits)","65-74","","","","","","","1","","",NA,NA,NA,NA,NA,NA,NA,NA,NA,NA,NA,NA,NA,NA,NA,NA,NA,NA,NA,NA,NA,NA,NA,NA,NA,NA,NA,NA,NA,NA,NA,NA,"","","","","","","","","","","","","","","","","","","","","","","","","","","","","","","","","","","","","","","",""
"134","HwC4dcYS","24.113.149.5","PARTIAL","Yes, I live here full-time","Port Ludlow","35-54","0","0","1","1","2","","1","","Not important",NA,NA,NA,NA,NA,NA,NA,NA,NA,NA,NA,NA,NA,NA,NA,NA,NA,NA,NA,NA,NA,NA,NA,NA,NA,NA,NA,NA,NA,NA,NA,NA,"","","","","","","","","","","","","","","","","","","","","","","","","","","","","","","","","","","","","","","",""
"135","JekpsWGa","98.97.35.238","PARTIAL","Yes, I live here full-time","Quilcene","65-74","","","","","","","2","","Somewhat important",NA,NA,NA,NA,NA,NA,NA,NA,NA,NA,NA,NA,NA,NA,NA,NA,NA,NA,NA,NA,NA,NA,NA,NA,NA,NA,2,NA,NA,NA,NA,NA,"No","","Don't use an aquatic facility","Somewhat likely","Somewhat likely","","Somewhat likely","","","Somewhat likely","","","Somewhat likely","Very likely","Not likely","Not likely","Somewhat likely","Somewhat likely","Somewhat likely","Somewhat likely","Not likely","","","","","","","","","","","","","","","","","","",""
"136","vcC4Wo6J","172.224.243.29","PARTIAL","Yes, I live here full-time","Port Townsend (within city limits)","75+","2","","","","","","","2","Somewhat important",NA,NA,NA,NA,NA,NA,NA,NA,NA,NA,NA,NA,NA,NA,NA,NA,NA,NA,NA,NA,NA,NA,NA,NA,NA,NA,NA,NA,NA,NA,NA,NA,"","","","","","","","","","","","","","","","","","","","","","","","","","","","","","","","","","","","","","","",""
"137","KsDTwngQ","24.113.154.149","PARTIAL","Yes, I live here full-time","Port Ludlow","75+","0","0","0","0","0","0","0","2","Not important",NA,NA,NA,NA,NA,NA,NA,NA,NA,NA,NA,NA,NA,NA,NA,NA,NA,NA,NA,NA,NA,NA,NA,NA,NA,NA,NA,NA,NA,NA,2,NA,"No","","Don't use an aquatic facility","","","","","","","","","","","","","","","","","","","","","","","","","","","","","","","","","","","","",""
"138","6nB6Ytao","172.92.87.74","PARTIAL","Yes, I live here part-time","Port Townsend (within city limits)","65-74","1","","","","","","1","","Somewhat important",NA,NA,NA,NA,NA,NA,NA,NA,NA,NA,NA,NA,NA,NA,NA,NA,NA,NA,NA,NA,NA,NA,NA,NA,NA,NA,3,NA,NA,NA,NA,NA,"No","","Don't use an aquatic facility","Not likely","Somewhat likely","Not likely","Not likely","Not likely","Not likely","Not likely","Not likely","Not likely","Not likely","Not likely","Not likely","Not likely","Not likely","Not likely","Not likely","Not likely","Not likely","Less than once a month","Not likely","Not likely","Not likely","Not likely","Not likely","Somewhat likely","Not likely","Not likely","Not likely","Not likely","Not likely","Not likely","Not likely","Not likely","Not likely","Not likely","",""
"139","uICY58SP","71.212.160.210","PARTIAL","Yes, I live here full-time","Marrowstone","35-54","","2","","","1","","","","Very important",NA,NA,NA,NA,NA,1,1,NA,NA,NA,NA,NA,NA,NA,NA,NA,NA,NA,1,NA,NA,NA,NA,NA,NA,NA,NA,NA,NA,NA,NA,NA,"Yes","Port Angeles SHORE Aquatic Center,Sequim Y,Port Townsend Y/Mountain View Pool","Less than once a month","","","","","","","","","","","","","","","","","","","","","","","","","","","","","","","","","","","","",""
"140","Q9C4qNb8","107.122.85.35","PARTIAL","Yes, I live here full-time","Port Hadlock-Irondale","65-74","1","","","","","","1","","Not important",NA,NA,NA,NA,NA,NA,NA,NA,NA,NA,NA,NA,NA,NA,NA,NA,NA,NA,NA,NA,NA,NA,NA,NA,NA,NA,NA,5,NA,NA,NA,NA,"No","","Don't use an aquatic facility","Not likely","Not likely","Not likely","Not likely","Not likely","Not likely","Not likely","Not likely","Not likely","Not likely","Not likely","Not likely","Not likely","Not likely","Not likely","Not likely","Not likely","Not likely","Never","Not likely","Not likely","Not likely","Not likely","Not likely","Not likely","Not likely","Not likely","Not likely","Not likely","Not likely","Not likely","Not likely","Not likely","Not likely","Not likely","Never",""
"141","ZzCiOsIX","24.113.165.180","PARTIAL","Yes, I live here full-time","Port Townsend (within city limits)","75+","","","","","","","","2","",NA,NA,NA,NA,NA,NA,NA,NA,NA,NA,NA,NA,NA,NA,NA,NA,NA,NA,NA,NA,NA,NA,NA,NA,NA,NA,NA,NA,NA,NA,NA,NA,"","","","","","","","","","","","","","","","","","","","","","","","","","","","","","","","","","","","","","","",""
"142","93fNwyTL","24.113.130.237","PARTIAL","Yes, I live here full-time","Port Ludlow","65-74","1","","","","","","","","Very important",NA,NA,1,NA,NA,NA,NA,NA,NA,NA,NA,NA,NA,NA,NA,NA,NA,NA,NA,NA,NA,NA,NA,NA,NA,NA,NA,NA,NA,NA,NA,NA,"No","","Don't use an aquatic facility","","","","","","","","","","","","","","","","","","","","","","","","","","","","","","","","","","","","",""
"143","blCKMtxU","97.126.119.55","PARTIAL","Yes, I live here full-time","Kala Point","65-74","","","","","","","","","No opinion/more information needed",NA,NA,NA,NA,NA,NA,NA,NA,NA,NA,NA,NA,NA,NA,NA,NA,NA,NA,NA,NA,NA,NA,NA,NA,NA,NA,NA,NA,NA,NA,NA,NA,"No","","Don't use an aquatic facility","","","","","","","","","","","","","","","","","","","","","","","","","","","","","","","","","","","","",""
"144","GdCiCEXq","172.56.171.206","PARTIAL","Yes, I live here full-time","Brinnon","18-34","1","","","2","","","","","Not important",NA,1,NA,NA,NA,NA,NA,NA,NA,NA,NA,NA,NA,NA,2,NA,NA,NA,NA,NA,NA,NA,NA,NA,NA,NA,NA,NA,NA,NA,NA,NA,"Yes","Port Angeles SHORE Aquatic Center,Sequim Y","Less than once a month","Not likely","Somewhat likely","Very likely","Somewhat likely","Not likely","Not likely","Somewhat likely","Not likely","Not likely","Very likely","Somewhat likely","Not likely","Very likely","Not likely","Not likely","Somewhat likely","Not likely","Not likely","Less than once a month","Not likely","Somewhat likely","Not likely","Somewhat likely","Not likely","Not likely","Not likely","Not likely","Not likely","Not likely","Not likely","Not likely","Not likely","Not likely","Not likely","Not likely","Less than once a month","I don't know/need more information"
"145","sYklCl67","24.113.12.80","PARTIAL","Yes, I live here full-time","","","","","","","","","","","",NA,NA,NA,NA,NA,NA,NA,NA,NA,NA,NA,NA,NA,NA,NA,NA,NA,NA,NA,NA,NA,NA,NA,NA,NA,NA,NA,NA,NA,NA,NA,NA,"","","","","","","","","","","","","","","","","","","","","","","","","","","","","","","","","","","","","","","",""
"146","M0CYtV3I","174.246.16.90","PARTIAL","Yes, I live here full-time","Port Townsend (within city limits)","18-34","","","","","","","","","",NA,NA,NA,NA,NA,NA,NA,NA,NA,NA,NA,NA,NA,NA,NA,NA,NA,NA,NA,NA,NA,NA,NA,NA,NA,NA,NA,NA,NA,NA,NA,NA,"","","","","","","","","","","","","","","","","","","","","","","","","","","","","","","","","","","","","","","",""
"147","gGCYnfKi","24.113.170.10","PARTIAL","Yes, I live here full-time","Port Ludlow","75+","","","","","","","","2","Not important",NA,NA,NA,NA,NA,NA,NA,NA,NA,NA,NA,NA,NA,NA,NA,NA,NA,NA,NA,NA,NA,NA,NA,NA,NA,NA,NA,NA,NA,NA,NA,NA,"","","","","","","","","","","","","","","","","","","","","","","","","","","","","","","","","","","","","","","",""
"148","LDCYkW96","24.113.172.180","PARTIAL","Yes, I live here full-time","Port Townsend (within city limits)","35-54","","","","","","","","","",NA,NA,NA,NA,NA,NA,NA,NA,NA,NA,NA,NA,NA,NA,NA,NA,NA,NA,NA,NA,NA,NA,NA,NA,NA,NA,NA,NA,NA,NA,NA,NA,"","","","","","","","","","","","","","","","","","","","","","","","","","","","","","","","","","","","","","","",""
"149","NJEBBHBa","97.113.179.24","PARTIAL","Yes, I live here full-time","Port Townsend (outside the city limits)","75+","","","","","","","1","","Very important",NA,NA,NA,NA,NA,NA,NA,NA,NA,NA,NA,NA,NA,NA,NA,NA,NA,NA,NA,NA,NA,NA,NA,NA,NA,NA,NA,NA,NA,NA,NA,NA,"","","","","","","","","","","","","","","","","","","","","","","","","","","","","","","","","","","","","","","",""
"150","N0kp8pPQ","24.113.135.54","PARTIAL","Yes, I live here full-time","Port Townsend (within city limits)","75+","","","","","","","1","1","Very important",NA,NA,NA,NA,NA,NA,NA,NA,NA,NA,NA,NA,NA,NA,NA,NA,NA,NA,NA,NA,NA,NA,NA,NA,NA,NA,NA,1,NA,NA,NA,1,"No","","Don't use an aquatic facility","","","","","","","","","","","","","","","","","","","","","","","","","","","","","","","","","","","","",""
"151","u6fE6EZh","24.113.153.245","PARTIAL","Yes, I live here full-time","Port Townsend (within city limits)","35-54","","2","","","2","","","","",NA,NA,NA,NA,NA,NA,NA,NA,NA,NA,NA,NA,NA,NA,NA,NA,NA,NA,NA,NA,NA,NA,NA,NA,NA,NA,NA,NA,NA,NA,NA,NA,"","","","","","","","","","","","","","","","","","","","","","","","","","","","","","","","","","","","","","","",""
"152","NiCKGbrP","24.113.148.99","PARTIAL","Yes, I live here full-time","Port Townsend (within city limits)","75+","","","","","","","1","1","Somewhat important",NA,NA,NA,NA,NA,NA,NA,NA,NA,NA,NA,NA,NA,NA,NA,NA,NA,NA,NA,NA,NA,NA,NA,NA,NA,NA,NA,NA,NA,NA,NA,NA,"","","","","","","","","","","","","","","","","","","","","","","","","","","","","","","","","","","","","","","",""
"153","P2fyj8jc","24.113.147.91","PARTIAL","Yes, I live here full-time","Port Hadlock-Irondale","55-64","","","","","","1","","","Somewhat important",NA,NA,NA,NA,NA,NA,NA,NA,NA,NA,NA,NA,NA,NA,NA,NA,NA,NA,NA,NA,NA,NA,NA,NA,NA,NA,NA,NA,NA,NA,NA,NA,"","","","","","","","","","","","","","","","","","","","","","","","","","","","","","","","","","","","","","","",""
